Year,Month,DOM,DOW,DOW2,Date,Numb_Passengers,Numb_Bags,MTD_Bags,Bag_Pass_Ratio,MTD_Bags,MBR_Day_Of,Count_Day_of,MBR_Goal,MBR,COUNT,MBR_Diff_Goal,Met_Goal,%(+/-),A0,D0,num_gate_chg,flight_div,flights_cancelled,cnl_mech,cnl_we,cnl_other,Misc_Reason
2016,Jan,1,F,5-F,1/1/2016,73717,58781,58781,0.797387306,73717,9.41 ,694,10.00,11.64,858 ,1.64 ,0 ,-24%,69.3,55.4,76,1,5,1,0,4,0 
2016,Jan,2,J,6-J,1/2/2016,74144,67703,126484,0.913128507,147861,13.70 ,1016,10.00,15.96,"1,184 ",5.96 ,0 ,-17%,71.5,61.3,50,1,12,2,10,0,0 
2016,Jan,3,S,7-S,1/3/2016,84940,72571,199055,0.854379562,232801,16.28 ,1383,10.00,18.19,"1,545 ",8.19 ,0 ,-12%,73.5,59.9,62,0,4,1,2,1,AM ABR TSA
2016,Jan,4,M,1-M,1/4/2016,79386,73744,272799,0.928929534,312187,11.11 ,882,10.00,13.25,"1,052 ",3.25 ,0 ,-19%,75.9,63.7,58,0,8,8,0,0,0 
2016,Jan,5,T,2-T,1/5/2016,71323,62199,334998,0.872074927,383510,9.79 ,698,10.00,11.26,803 ,1.26 ,0 ,-15%,74.0,68.0,31,0,2,0,2,0,0 
2016,Jan,6,W,3-W,1/6/2016,70025,59985,394983,0.856622635,453535,9.93 ,695,10.00,11.65,816 ,1.65 ,0 ,-17%,71.6,68.1,40,1,4,0,4,0,PM WX
2016,Jan,7,Q,4-Q,1/7/2016,68057,49056,444039,0.720807558,521592,9.98 ,679,10.00,11.82,804 ,1.82 ,0 ,-18%,64.8,55.4,17,3,10,9,1,0,AM FOG
2016,Jan,8,F,5-F,1/8/2016,69926,57508,501547,0.822412264,591518,11.00 ,769,10.00,12.73,890 ,2.73 ,0 ,-16%,65.3,59.5,30,2,12,2,10,0,0 
2016,Jan,9,J,6-J,1/9/2016,63300,56279,557826,0.889083728,654818,12.76 ,808,10.00,14.93,945 ,4.93 ,0 ,-17%,67.5,58.0,57,1,3,0,3,1,0 
2016,Jan,10,S,7-S,1/10/2016,75953,61439,619265,0.808908141,730771,18.05 ,1371,10.00,20.87,"1,585 ",10.87 ,0 ,-16%,66.6,56.1,75,1,5,1,4,0,DBR Shaft Encoder Failure
2016,Jan,11,M,1-M,1/11/2016,74754,58712,677977,0.785402788,805525,8.27 ,618,10.00,9.23,690 ,(0.77),1 ,-12%,69.5,64.8,36,1,4,4,0,0,0 
2016,Jan,12,T,2-T,1/12/2016,65725,48928,726905,0.744435146,871250,5.60 ,368,10.00,6.39,420 ,(3.61),1 ,-14%,75.8,74.8,33,0,1,1,0,0,0 
2016,Jan,13,W,3-W,1/13/2016,69864,51649,778554,0.739279171,941114,6.00 ,419,10.00,6.69,467 ,(3.31),1 ,-12%,74.9,74.2,43,0,1,1,0,0,0 
2016,Jan,14,Q,4-Q,1/14/2016,77336,56538,835092,0.731069618,1018450,5.37 ,415,10.00,6.22,481 ,(3.78),1 ,-16%,75.0,68.3,36,0,1,1,0,0,0 
2016,Jan,15,F,5-F,1/15/2016,83200,58500,893592,0.703125,1101650,7.14 ,594,10.00,8.24,686 ,(1.76),1 ,-16%,75.1,66.9,39,0,2,2,0,0,0 
2016,Jan,16,J,6-J,1/16/2016,63973,54169,947761,0.846747847,1165623,10.14 ,649,10.00,11.94,764 ,1.94 ,0 ,-18%,74.3,69.2,59,0,0,0,0,0,0 
2016,Jan,17,S,7-S,1/17/2016,68881,55782,1003543,0.809831448,1234504,8.62 ,594,10.00,10.28,709 ,0.28 ,0 ,-19%,71.5,70.4,55,0,3,0,3,0,0 
2016,Jan,18,M,1-M,1/18/2016,76973,55880,1059423,0.725968846,1311477,6.44 ,496,10.00,7.07,544 ,(2.93),1 ,-10%,78.8,72.7,52,0,1,1,0,0,0 
2016,Jan,19,T,2-T,1/19/2016,67286,46823,1106246,0.695880272,1378763,6.09 ,410,10.00,6.62,445 ,(3.38),1 ,-9%,71.7,72.8,44,1,0,0,0,0,0 
2016,Jan,20,W,3-W,1/20/2016,64091,45304,1151550,0.706869919,1442854,6.32 ,405,10.00,7.24,464 ,(2.76),1 ,-15%,72.5,75.0,52,1,1,0,1,0,0 
2016,Jan,21,Q,4-Q,1/21/2016,70177,49841,1201391,0.710218448,1513031,10.22 ,717,10.00,11.99,842 ,1.99 ,0 ,-17%,34.9,34.8,68,1,13,2,11,0,AM LCL WX
2016,Jan,22,F,5-F,1/22/2016,71524,48708,1250099,0.681002181,1584555,7.65 ,547,10.00,8.87,634 ,(1.13),1 ,-16%,73.6,70.4,43,1,50,0,50,0,EAST COAST WX
2016,Jan,23,J,6-J,1/23/2016,54809,45099,1295198,0.822839315,1639364,8.63 ,473,10.00,9.48,519 ,(0.52),1 ,-10%,83.7,77.5,40,2,43,0,43,0,EAST COAST WX
2016,Jan,24,S,7-S,1/24/2016,66863,50807,1346005,0.759867191,1706227,8.39 ,561,10.00,9.36,626 ,(0.64),1 ,-12%,79.8,75.8,34,0,41,1,39,1,EAST COAST WX
2016,Jan,25,M,1-M,1/25/2016,72635,55485,1401490,0.763887933,1778862,5.98 ,434,10.00,6.73,489 ,(3.27),1 ,-13%,75.8,71.7,47,1,11,2,9,0,EAST COAST WX
2016,Jan,26,T,2-T,1/26/2016,65497,48163,1449653,0.735346657,1844359,4.81 ,315,10.00,5.23,343 ,(4.77),1 ,-9%,76.6,78.3,36,0,0,0,0,0,0 
2016,Jan,27,W,3-W,1/27/2016,65480,47548,1497201,0.726145388,1909839,4.57 ,299,10.00,4.92,322 ,(5.08),1 ,-8%,81.7,79.2,35,0,1,1,0,0,0 
2016,Jan,28,Q,4-Q,1/28/2016,71294,50280,1547481,0.705248689,1981133,3.93 ,280,10.00,4.36,311 ,(5.64),1 ,-11%,81.1,80.0,44,0,0,0,0,0,0 
2016,Jan,29,F,5-F,1/29/2016,73867,56495,1603976,0.764820556,2055000,5.70 ,421,10.00,6.18,456 ,(3.82),1 ,-8%,82.7,76.7,52,0,3,3,0,0,0 
2016,Jan,30,J,6-J,1/30/2016,56243,51694,1655670,0.919118824,2111243,7.70 ,433,10.00,8.70,491 ,(1.30),1 ,-13%,88.3,77.3,69,0,4,4,0,0,0 
2016,Jan,31,S,7-S,1/31/2016,70066,54705,1710375,0.780763851,2181309,6.34 ,444,10.00,7.07,496 ,(2.93),1 ,-12%,83.9,76.4,35,0,6,3,3,0,0 
2016,Feb,1,M,1-M,2/1/2016,70557,52498,52498,0.744050909,70557,6.24 ,440,6.30,6.60,466,0.30 ,0 ,-6%,72.7,71.8,62,1,15,3,12,0,Midwest WX
2016,Feb,2,T,2-T,2/2/2016,59465,43650,96148,0.734045237,130022,5.62 ,334,6.30,6.19,368,(0.11),1 ,-10%,72.1,80.8,28,1,8,1,7,0,Midwest WX
2016,Feb,3,W,3-W,2/3/2016,66469,41628,137776,0.626276911,196491,4.86 ,323,6.30,5.25,349,(1.05),1 ,-8%,67.5,73.0,51,0,2,1,1,0,0 
2016,Feb,4,Q,4-Q,2/4/2016,73333,46090,183866,0.628502857,269824,3.85 ,282,6.30,4.35,319,(1.95),1 ,-13%,77.0,72.2,45,1,0,0,0,0,0 
2016,Feb,5,F,5-F,2/5/2016,74741,58000,241866,0.776013165,344565,6.46 ,483,6.30,7.03,526,0.73 ,0 ,-9%,73.4,70.0,48,1,3,3,0,0,0 
2016,Feb,6,J,6-J,2/6/2016,59216,50526,292392,0.853249122,403781,5.59 ,331,6.30,6.72,398,0.42 ,0 ,-20%,82.8,79.9,21,0,2,2,0,0,0 
2016,Feb,7,S,7-S,2/7/2016,66759,50019,342411,0.749247292,470540,6.64 ,443,6.30,7.16,478,0.86 ,0 ,-8%,82.4,79.6,44,0,1,1,0,0,0 
2016,Feb,8,M,1-M,2/8/2016,73960,53296,395707,0.720605733,544500,6.33 ,468,6.30,6.85,507,0.55 ,0 ,-8%,71.3,74.7,29,0,1,1,0,0,0 
2016,Feb,9,T,2-T,2/9/2016,64962,45795,441502,0.704950586,609462,4.11 ,267,6.30,4.42,287,(1.88),1 ,-8%,78.0,81.2,29,0,0,0,0,0,0 
2016,Feb,10,W,3-W,2/10/2016,71306,51434,492936,0.721313774,680768,3.51 ,250,6.30,3.90,278,(2.40),1 ,-11%,84.4,77.3,37,0,1,1,0,0,0 
2016,Feb,11,Q,4-Q,2/11/2016,78576,57947,550883,0.737464366,759344,4.09 ,321,6.30,4.63,364,(1.67),1 ,-13%,80.3,69.1,51,0,0,0,0,0,0 
2016,Feb,12,F,5-F,2/12/2016,81460,68000,618883,0.834765529,840804,5.77 ,470,6.30,6.27,511,(0.03),1 ,-9%,79.1,65.2,45,0,9,9,0,0,0 
2016,Feb,13,J,6-J,2/13/2016,66476,52669,671552,0.792300981,907280,9.06 ,602,6.30,10.19,677,3.89 ,0 ,-12%,82.2,72.5,31,0,6,5,1,0,0 
2016,Feb,14,S,7-S,2/14/2016,69309,52305,723857,0.754663896,976589,6.61 ,458,6.30,7.82,542,1.52 ,0 ,-18%,72.5,65.2,54,0,2,2,0,0,0 
2016,Feb,15,M,1-M,2/15/2016,77404,58629,782486,0.757441476,1053993,7.16 ,554,6.30,7.97,617,1.67 ,0 ,-11%,63.5,58.5,53,0,11,1,10,0,NE WX
2016,Feb,16,T,2-T,2/16/2016,74106,50423,832909,0.68041724,1128099,5.55 ,411,6.30,6.31,467,0.01 ,0 ,-14%,73.5,65.1,55,0,5,4,0,1,0 
2016,Feb,17,W,3-W,2/17/2016,70331,51882,884791,0.737683241,1198430,3.92 ,276,6.30,5.01,352,(1.29),1 ,-28%,83.6,77.9,45,0,3,2,1,0,PVG Flight
2016,Feb,18,Q,4-Q,2/18/2016,74658,54310,939101,0.727450508,1273088,3.91 ,292,6.30,4.13,308,(2.17),1 ,-6%,79.8,74.4,42,0,2,1,1,0,0 
2016,Feb,19,F,5-F,2/19/2016,77906,56000,995101,0.718814982,1350994,5.62 ,438,6.30,6.34,494,0.04 ,0 ,-13%,78.5,68.8,78,2,0,0,0,0,ORD WX
2016,Feb,20,J,6-J,2/20/2016,66023,55957,1051058,0.847537979,1417017,6.35 ,419,6.30,7.21,476,0.91 ,0 ,-14%,83.8,79.9,28,1,1,0,0,1,0 
2016,Feb,21,S,7-S,2/21/2016,78877,64000,1115058,0.811389886,1495894,7.05 ,556,6.30,7.65,604,1.35 ,0 ,-9%,72.7,69.9,39,1,3,2,1,0,B BGRM DOWN 12:00-14:20
2016,Feb,22,M,1-M,2/22/2016,79422,59050,1174108,0.743496764,1575316,4.18 ,332,6.30,4.46,354,(1.84),1 ,-7%,77.5,69.4,48,0,5,3,2,0,0 
2016,Feb,23,T,2-T,2/23/2016,65839,47330,1221438,0.718874831,1641155,5.22 ,344,6.30,5.55,365,(0.75),1 ,-6%,68.0,69.8,34,0,4,0,4,0,0 
2016,Feb,24,W,3-W,2/24/2016,73307,46236,1267674,0.630717394,1714462,4.97 ,364,6.30,6.28,460,(0.02),1 ,-26%,78.9,73.6,34,0,6,0,6,0,HKG and LHR(BA) flts/NE WX
2016,Feb,25,Q,4-Q,2/25/2016,80098,59000,1326674,0.736597668,1794560,4.53 ,363,6.30,5.00,400,(1.30),1 ,-10%,73.2,69.2,16,0,5,0,5,0,0 
2016,Feb,26,F,5-F,2/26/2016,79856,58000,1384674,0.726307353,1874416,5.61 ,448,6.30,5.98,477,(0.32),1 ,-7%,77.9,72.7,43,1,0,0,0,0,0 
2016,Feb,27,J,6-J,2/27/2016,64133,54890,1439564,0.855877629,1938549,10.24 ,657,6.30,11.03,707,4.73 ,0 ,-8%,85.3,80.0,47,0,0,0,0,0,0 
2016,Feb,28,S,7-S,2/28/2016,76046,64000,1503564,0.841595876,2014595,6.69 ,509,6.30,7.45,567,1.15 ,0 ,-11%,79.5,73.2,55,0,0,0,0,0,0 
2016,Feb,29,M,1-M,2/29/2016,75136,56742,1560306,0.755190588,2089731,6.43 ,483,6.30,6.95,522,0.65 ,0 ,-8%,78.0,73.6,34,0,2,2,0,0,Power surge @ 14:40
2016,Mar,1,T,2-T,3/1/2016,67987,51026,51026,0.750525836,67987,5.31 ,361,7.00,5.93,403 ,(1.07),1 ,-12%,73.9,70.4,52,1,5,3,2,0,0 
2016,Mar,2,W,3-W,3/2/2016,70617,53241,104267,0.753940269,138604,4.18 ,295,7.00,5.11,361 ,(1.89),1 ,-22%,81.4,78.8,46,0,1,1,0,0,0 
2016,Mar,3,Q,4-Q,3/3/2016,79652,51432,155699,0.645708833,218256,4.77 ,380,7.00,5.44,433 ,(1.56),1 ,-14%,77.4,70.9,53,0,0,0,0,0,Opened E/re-programmed T Link
2016,Mar,4,F,5-F,3/4/2016,84916,56497,212196,0.665328089,303172,6.09 ,517,7.00,6.74,573 ,(0.26),1 ,-11%,79.8,71.6,62,1,2,1,1,0,0 
2016,Mar,5,J,6-J,3/5/2016,75200,64032,276228,0.851489362,378372,5.81 ,437,7.00,6.75,507 ,(0.25),1 ,-16%,82.9,73.8,48,1,1,1,0,0,0 
2016,Mar,6,S,7-S,3/6/2016,84099,67229,343457,0.799403084,462471,7.21 ,606,7.00,7.68,646 ,0.68 ,0 ,-7%,74.1,69.9,34,0,3,3,0,0,0 
2016,Mar,7,M,1-M,3/7/2016,78074,53526,396983,0.685580347,540545,8.45 ,660,7.00,9.50,741 ,2.50 ,0 ,-12%,50.8,53.4,42,2,6,1,4,1,0 
2016,Mar,8,T,2-T,3/8/2016,62237,42161,439144,0.677426611,602782,14.98 ,932,7.00,18.10,"1,126 ",11.10 ,0 ,-21%,17.3,20.8,132,25,80,9,71,0,Severe WX
2016,Mar,9,W,3-W,3/9/2016,74766,55574,494718,0.743305781,677548,9.84 ,736,7.00,11.74,877 ,4.74 ,0 ,-19%,27.2,33.3,69,0,24,6,17,1,LCL WX/Ruboff
2016,Mar,10,Q,4-Q,3/10/2016,81147,60152,554870,0.741272013,758695,8.26 ,670,7.00,9.55,775 ,2.55 ,0 ,-16%,43.1,45.6,81,1,14,9,4,1,LCL WX
2016,Mar,11,F,5-F,3/11/2016,85721,57003,611873,0.66498291,844416,8.81 ,755,7.00,9.97,855 ,2.97 ,0 ,-13%,52.3,46.9,69,1,5,4,1,0,LCL WX
2016,Mar,12,J,6-J,3/12/2016,77083,61505,673378,0.797906153,921499,8.03 ,619,7.00,8.46,652 ,1.46 ,0 ,-5%,68.9,60.3,57,0,2,1,1,0,0 
2016,Mar,13,S,7-S,3/13/2016,87003,60883,734261,0.699780467,1008502,7.64 ,665,7.00,9.16,797 ,2.16 ,0 ,-20%,69.7,58.7,95,2,2,2,0,0,0 
2016,Mar,14,M,1-M,3/14/2016,80769,53522,787783,0.662655227,1089271,5.76 ,465,7.00,6.58,531 ,(0.42),1 ,-14%,73.9,58.9,81,1,1,1,0,0,0 
2016,Mar,15,T,2-T,3/15/2016,75196,48038,835821,0.638837172,1164467,4.69 ,353,7.00,5.37,404 ,(1.63),1 ,-14%,78.9,69.3,52,1,1,1,0,0,0 
2016,Mar,16,W,3-W,3/16/2016,80096,51543,887364,0.643515282,1244563,5.86 ,469,7.00,6.70,537 ,(0.30),1 ,-14%,74.0,70.0,57,0,1,1,0,0,0 
2016,Mar,17,Q,4-Q,3/17/2016,76844,48169,935533,0.626841393,1321407,8.73 ,671,7.00,9.87,758 ,2.87 ,0 ,-13%,39.2,43.8,71,9,4,1,3,0,LCL WX
2016,Mar,18,F,5-F,3/18/2016,77415,52120,987653,0.673254537,1398822,8.11 ,628,7.00,9.18,710 ,2.18 ,0 ,-13%,52.4,59.5,55,8,5,4,1,0,0 
2016,Mar,19,J,6-J,3/19/2016,69562,56806,1044459,0.816624019,1468384,8.29 ,577,7.00,9.54,663 ,2.54 ,0 ,-15%,70.2,65.1,41,0,2,1,0,1,0 
2016,Mar,20,S,7-S,3/20/2016,82765,59010,1103469,0.712982541,1551149,7.99 ,661,7.00,9.42,780 ,2.42 ,0 ,-18%,75.2,66.6,84,1,6,6,0,0,0 
2016,Mar,21,M,1-M,3/21/2016,78087,61144,1164613,0.783024063,1629236,6.68 ,522,7.00,7.60,593 ,0.60 ,0 ,-14%,78.5,67.8,54,1,7,7,0,0,0 
2016,Mar,22,T,2-T,3/22/2016,72486,52785,1217398,0.728209585,1701722,5.52 ,400,7.00,5.99,434 ,(1.01),1 ,-9%,82.3,79.3,46,0,1,1,0,0,0 
2016,Mar,23,W,3-W,3/23/2016,75058,54438,1271836,0.725279117,1776780,7.06 ,530,7.00,8.42,632 ,1.42 ,0 ,-19%,72.5,62.7,81,5,19,1,15,3,Late severe PM WX
2016,Mar,24,Q,4-Q,3/24/2016,85882,54540,1326376,0.635057404,1862662,6.05 ,520,7.00,7.02,603 ,0.02 ,0 ,-16%,66.4,56.2,58,2,3,3,0,0,0 
2016,Mar,25,F,5-F,3/25/2016,81660,54370,1380746,0.665809454,1944322,7.87 ,643,7.00,8.87,724 ,1.87 ,0 ,-13%,75.6,70.1,56,1,6,5,1,0,0 
2016,Mar,26,J,6-J,3/26/2016,65229,53790,1434536,0.824633215,2009551,8.17 ,533,7.00,9.76,636 ,2.76 ,0 ,-19%,76.3,68.6,61,0,6,4,0,2,0 
2016,Mar,27,S,7-S,3/27/2016,74223,54178,1488714,0.729935465,2083774,7.30 ,542,7.00,8.30,616 ,1.30 ,0 ,-14%,79.5,71.0,40,0,4,4,0,0,0 
2016,Mar,28,M,1-M,3/28/2016,80372,60540,1549254,0.7532474,2164146,5.55 ,446,7.00,6.32,508 ,(0.68),1 ,-14%,77.0,67.5,61,1,8,6,1,1,0 
2016,Mar,29,T,2-T,3/29/2016,71909,52888,1602142,0.735485127,2236055,5.63 ,405,7.00,6.33,455 ,(0.67),1 ,-12%,76.3,75.6,53,1,0,0,0,0,0 
2016,Mar,30,W,3-W,3/30/2016,65661,48057,1650199,0.731895646,2301716,8.77 ,576,7.00,12.21,802 ,5.21 ,0 ,-39%,40.4,48.0,87,6,56,56,0,0,PM WX
2016,Mar,31,Q,4-Q,3/31/2016,78018,49098,1699297,0.629316312,2379734,5.59 ,436,7.00,7.75,604 ,0.75 ,0 ,-39%,65.0,66.6,50,0,2,2,0,0,0 
2016,Apr,1,F,5-F,4/1/2016,80266,64410,64410,0.802456831,80266,7.49 ,601,6.70,8.17,656 ,1.47 ,0 ,-9%,59.0,62.7,53,0,3,3,0,0,0 
2016,Apr,2,J,6-J,4/2/2016,69844,58774,123184,0.841503923,150110,8.92 ,623,6.70,10.83,756 ,4.13 ,0 ,-21%,70.9,66.0,58,0,1,0,0,1,CBP APC SYS down @ 1645
2016,Apr,3,S,7-S,4/3/2016,81163,65340,188524,0.805046635,231273,8.27 ,671,6.70,8.94,726 ,2.24 ,0 ,-8%,78.1,69.6,52,0,7,7,0,0,0 
2016,Apr,4,M,1-M,4/4/2016,79277,57776,246300,0.728786407,310550,5.58 ,442,6.70,6.20,492 ,(0.50),1 ,-11%,80.8,71.9,71,0,0,0,0,0,0 
2016,Apr,5,T,2-T,4/5/2016,73179,52961,299261,0.723718553,383729,4.15 ,304,6.70,4.70,344 ,(2.00),1 ,-13%,84.0,78.1,45,1,1,1,0,0,0 
2016,Apr,6,W,3-W,4/6/2016,73796,52059,351320,0.70544474,457525,3.94 ,291,6.70,4.46,329 ,(2.24),1 ,-13%,73.7,74.1,54,1,2,0,0,2,0 
2016,Apr,7,Q,4-Q,4/7/2016,78904,52832,404152,0.669573152,536429,3.97 ,313,6.70,4.22,333 ,(2.48),1 ,-6%,77.7,75.7,42,0,2,1,0,1,0 
2016,Apr,8,F,5-F,4/8/2016,80045,55688,459840,0.695708664,616474,5.72 ,458,6.70,6.86,549 ,0.16 ,0 ,-20%,73.8,68.3,43,0,1,1,0,0,0 
2016,Apr,9,J,6-J,4/9/2016,65197,52534,512374,0.805773272,681671,6.66 ,434,6.70,7.47,487 ,0.77 ,0 ,-12%,79.3,69.6,32,1,2,2,0,0,0 
2016,Apr,10,S,7-S,4/10/2016,80599,62277,574651,0.77267708,762270,6.70 ,540,6.70,7.66,618 ,0.96 ,0 ,-14%,72.1,66.8,44,0,5,5,0,0,0 
2016,Apr,11,M,1-M,4/11/2016,76785,55255,629906,0.719606694,839055,7.35 ,564,6.70,8.04,617 ,1.34 ,0 ,-9%,38.9,48.1,57,5,8,3,5,0,AM/PM LCL & area WX
2016,Apr,12,T,2-T,4/12/2016,67985,47512,677418,0.698860043,907040,3.60 ,245,6.70,3.90,265 ,(2.80),1 ,-8%,78.2,79.4,32,0,0,0,0,0,0 
2016,Apr,13,W,3-W,4/13/2016,71803,49672,727090,0.69178168,978843,3.38 ,243,6.70,3.70,266 ,(3.00),1 ,-9%,70.8,74.7,38,1,0,0,0,0,0 
2016,Apr,14,Q,4-Q,4/14/2016,78959,56367,783457,0.713876822,1057802,4.08 ,322,6.70,4.34,343 ,(2.36),1 ,-6%,81.0,73.4,30,0,1,1,0,0,0 
2016,Apr,15,F,5-F,4/15/2016,81430,61607,845064,0.75656392,1139232,3.95 ,322,6.70,5.13,418 ,(1.57),1 ,-30%,81.1,75.5,35,0,1,1,0,0,OPA not updated
2016,Apr,16,J,6-J,4/16/2016,64854,51334,896398,0.791531748,1204086,4.72 ,306,6.70,7.70,499 ,1.00 ,0 ,-63%,85.3,77.9,33,0,12,2,10,0,OPA not updated
2016,Apr,17,S,7-S,4/17/2016,55181,52230,948628,0.946521448,1259267,22.13 ,1221,6.70,30.75,"1,697 ",24.05 ,0 ,-39%,13.2,14.8,70,30,241,3,199,39,LCL WX
2016,Apr,18,M,1-M,4/18/2016,81009,59642,1008270,0.736239183,1340276,11.17 ,905,6.70,12.55,"1,017 ",5.85 ,0 ,-12%,55.1,49.2,25,0,38,2,8,27,Ruboff/IAH flood/Envoy SOC outage
2016,Apr,19,T,2-T,4/19/2016,72316,53112,1061382,0.734443277,1412592,3.35 ,242,6.70,5.21,377 ,(1.49),1 ,-56%,77.5,75.7,44,1,1,1,0,0,NetTracer not updating 
2016,Apr,20,W,3-W,4/20/2016,73057,52345,1113727,0.716495339,1485649,4.50 ,329,6.70,4.90,358 ,(1.80),1 ,-9%,66.8,74.3,35,0,1,1,0,0,0 
2016,Apr,21,Q,4-Q,4/21/2016,80520,49017,1162744,0.608755589,1566169,4.27 ,344,6.70,4.73,381 ,(1.97),1 ,-11%,74.0,69.5,41,0,5,4,1,0,0 
2016,Apr,22,F,5-F,4/22/2016,82718,61299,1224043,0.741059987,1648887,4.80 ,397,6.70,5.42,448 ,(1.28),1 ,-13%,79.8,71.2,44,0,3,3,0,0,0 
2016,Apr,23,J,6-J,4/23/2016,63193,47740,1271783,0.755463422,1712080,6.42 ,406,6.70,6.96,440 ,0.26 ,0 ,-8%,87.0,83.5,34,1,2,0,2,0,0 
2016,Apr,24,S,7-S,4/24/2016,79197,60328,1332111,0.761746026,1791277,5.52 ,437,6.70,5.78,458 ,(0.92),1 ,-5%,85.8,79.8,46,1,0,0,0,0,0 
2016,Apr,25,M,1-M,4/25/2016,78616,50000,1382111,0.636002849,1869893,4.10 ,322,6.70,4.55,357 ,(2.15),1 ,-11%,82.2,75.0,42,0,1,1,0,0,0 
2016,Apr,26,T,2-T,4/26/2016,65721,43497,1425608,0.661843246,1935614,4.70 ,309,6.70,5.93,390 ,(0.77),1 ,-26%,72.7,70.1,44,5,22,2,15,5,Late PM severe WX
2016,Apr,27,W,3-W,4/27/2016,74518,55915,1481523,0.750355619,2010132,5.39 ,402,6.70,6.18,460 ,(0.52),1 ,-14%,62.2,67.0,51,1,3,2,0,1,0 
2016,Apr,28,Q,4-Q,4/28/2016,80775,59000,1540523,0.730424017,2090907,3.38 ,273,6.70,3.97,321 ,(2.73),1 ,-18%,82.0,76.3,37,0,0,0,0,0,0 
2016,Apr,29,F,5-F,4/29/2016,66821,48521,1589044,0.726134,2157728,10.66 ,712,6.70,18.90,"1,263 ",12.20 ,0 ,-77%,27.4,36.2,37,15,132,2,123,7,LCL WX
2016,Apr,30,J,6-J,4/30/2016,67570,60951,1649995,0.902042326,2225298,17.73 ,1198,6.70,20.73,"1,401 ",14.03 ,0 ,-17%,56.2,56.8,53,0,9,0,8,1,DBR Issues
2016,May,1,S,7-S,5/1/2016,79893,64076,64076,0.802022705,79893,7.41 ,592,8.90,8.68,694,(0.22),1 ,-17%,68.0,66.5,37,0,3,2,0,1,0 
2016,May,2,M,1-M,5/2/2016,77547,51469,115545,0.663713619,157440,6.58 ,510,8.90,7.27,563,(1.63),1 ,-10%,57.3,62.3,33,4,6,3,3,0,AM WX
2016,May,3,T,2-T,5/3/2016,68853,48794,164339,0.708669194,226293,4.47 ,308,8.90,4.69,323 ,(4.21),1 ,-5%,78.4,74.7,40,0,1,1,0,0,0 
2016,May,4,W,3-W,5/4/2016,71587,49959,214298,0.697878106,297880,4.34 ,311,8.90,4.88,349 ,(4.02),1 ,-12%,79.3,71.6,45,1,4,1,2,0,0 
2016,May,5,Q,4-Q,5/5/2016,80113,52476,266774,0.655024778,377993,4.88 ,391,8.90,5.61,450 ,(3.29),1 ,-15%,75.7,68.3,54,0,1,1,0,0,0 
2016,May,6,F,5-F,5/6/2016,82571,63909,330683,0.773988446,460564,6.16 ,509,8.90,6.61,546 ,(2.29),1 ,-7%,78.9,73.6,52,0,0,0,0,0,0 
2016,May,7,J,6-J,5/7/2016,63096,47245,377928,0.748779637,523660,6.42 ,405,8.90,6.89,435 ,(2.01),1 ,-7%,83.5,76.2,45,0,0,0,0,0,0 
2016,May,8,S,7-S,5/8/2016,74082,56490,434418,0.762533409,597742,7.38 ,547,8.90,8.07,598 ,(0.83),1 ,-9%,57.7,62.2,60,4,4,0,3,1,Late PM WX
2016,May,9,M,1-M,5/9/2016,79409,58422,492840,0.735710058,677151,7.06 ,561,8.90,7.68,610 ,(1.22),1 ,-9%,49.7,57.7,48,2,2,2,0,0,0 
2016,May,10,T,2-T,5/10/2016,71287,51674,544514,0.724872698,748438,5.65 ,403,8.90,6.22,443 ,(2.68),1 ,-10%,65.2,61.9,67,13,11,3,8,0,Late PM WX
2016,May,11,W,3-W,5/11/2016,76887,55817,600331,0.725961476,825325,5.16 ,397,8.90,5.70,438 ,(3.20),1 ,-10%,75.3,69.8,36,2,1,0,1,0,Late PM WX
2016,May,12,Q,4-Q,5/12/2016,82224,60197,660528,0.732109846,907549,5.42 ,446,8.90,6.30,518 ,(2.60),1 ,-16%,68.1,66.1,45,1,0,0,0,0,TSA/CTX MACHINE DOWN
2016,May,13,F,5-F,5/13/2016,84018,65828,726356,0.783498774,991567,6.50 ,546,8.90,7.31,614 ,(1.59),1 ,-13%,77.9,65.8,48,0,0,0,0,0,TERM. A PWR SURGE
2016,May,14,J,6-J,5/14/2016,68350,57784,784140,0.845413314,1059917,8.32 ,569,8.90,9.62,657 ,0.72 ,0 ,-16%,69.2,56.5,71,1,4,2,0,2,A BGRM-AM/D BGRM-PM
2016,May,15,S,7-S,5/15/2016,83851,66910,851050,0.797963054,1143768,6.20 ,520,8.90,6.95,583 ,(1.95),1 ,-12%,76.5,69.2,37,1,3,3,0,0,0 
2016,May,16,M,1-M,5/16/2016,83007,62328,913378,0.750876432,1226775,5.40 ,448,8.90,5.93,492 ,(2.97),1 ,-10%,72.0,64.0,32,1,4,4,0,0,0 
2016,May,17,T,2-T,5/17/2016,75306,56889,970267,0.755437814,1302081,4.62 ,348,8.90,4.98,375 ,(3.92),1 ,-8%,71.0,72.4,46,0,4,0,1,3,0 
2016,May,18,W,3-W,5/18/2016,77799,57981,1028248,0.745266649,1379880,5.41 ,421,8.90,5.91,460 ,(2.99),1 ,-9%,66.5,66.1,49,1,2,2,0,0,0 
2016,May,19,Q,4-Q,5/19/2016,82497,59902,1088150,0.726111253,1462377,7.37 ,608,8.90,8.06,665 ,(0.84),1 ,-9%,50.7,53.6,41,0,4,2,1,1,0 
2016,May,20,F,5-F,5/20/2016,84312,63478,1151628,0.752894013,1546689,6.77 ,571,8.90,7.55,637 ,(1.35),1 ,-11%,71.6,64.1,61,1,5,4,1,0,0 
2016,May,21,J,6-J,5/21/2016,68384,57665,1209293,0.843252808,1615073,7.98 ,546,8.90,8.88,607 ,(0.02),1 ,-11%,81.9,73.2,44,1,6,0,0,6,PWR OUT WEST & AE HANGARS
2016,May,22,S,7-S,5/22/2016,80239,62664,1271957,0.780966862,1695312,4.80 ,385,8.90,5.34,428 ,(3.56),1 ,-11%,76.6,73.7,31,0,2,2,0,0,0 
2016,May,23,M,1-M,5/23/2016,77873,56186,1328143,0.721508097,1773185,8.64 ,673,8.90,9.60,748 ,0.70 ,0 ,-11%,42.7,39.3,81,4,3,3,0,0,AM WX
2016,May,24,T,2-T,5/24/2016,74629,54918,1383061,0.735880154,1847814,4.64 ,346,8.90,5.20,388 ,(3.70),1 ,-12%,73.6,77.5,34,0,0,0,0,0,0 
2016,May,25,W,3-W,5/25/2016,80343,59863,1442924,0.745092914,1928157,5.79 ,465,8.90,6.68,537 ,(2.22),1 ,-15%,66.7,70.1,52,0,0,0,0,0,PM B Bagroom issues
2016,May,26,Q,4-Q,5/26/2016,86744,63932,1506856,0.737019275,2014901,8.24 ,715,8.90,11.26,977 ,2.36 ,0 ,-37%,35.1,39.0,34,1,25,3,21,1,PM WX / FLEX FLY
2016,May,27,F,5-F,5/27/2016,83518,60809,1567665,0.728094542,2098419,14.68 ,1226,8.90,16.34,"1,365 ",7.44 ,0 ,-11%,29.6,23.6,32,2,21,2,16,3,AM WX
2016,May,28,J,6-J,5/28/2016,70913,57387,1625052,0.809259233,2169332,8.35 ,592,8.90,9.33,662 ,0.43 ,0 ,-12%,72.9,59.0,63,0,1,1,0,0,0 
2016,May,29,S,7-S,5/29/2016,64600,53532,1678584,0.828668731,2233932,12.34 ,797,8.90,14.79,955 ,5.89 ,0 ,-20%,62.1,47.4,103,14,19,3,8,8,AM and PM WX
2016,May,30,M,1-M,5/30/2016,76730,57825,1736409,0.753616578,2310662,7.45 ,572,8.90,8.35,640 ,(0.55),1 ,-12%,70.5,67.5,58,1,2,1,1,0,0 
2016,May,31,T,2-T,5/31/2016,67030,49918,1786327,0.744711323,2377692,12.95 ,868,8.90,17.38,"1,165 ",8.48 ,0 ,-34%,48.5,52.8,125,55,128,1,122,5,Afternoon WX
2016,Jun,1,W,3-W,6/1/2016,80090,65875,65875,0.822512174,80090,12.61 ,1010,8.40,14.60,"1,169 ",6.20 ,0 ,-16%,49.5,45.0,77,1,17,4,13,0,LCL WX
2016,Jun,2,Q,4-Q,6/2/2016,72132,50042,115917,0.693755892,152222,11.48 ,828,8.40,15.90,"1,147 ",7.50 ,0 ,-39%,27.9,33.3,76,4,101,0,83,18,LCL WX
2016,Jun,3,F,5-F,6/3/2016,84018,58414,174331,0.695255779,236240,11.22 ,943,8.40,12.82,"1,077 ",4.42 ,0 ,-14%,38.7,41.0,73,0,12,3,8,1,0 
2016,Jun,4,J,6-J,6/4/2016,76557,62053,236384,0.81054639,312797,10.48 ,802,8.40,12.17,931 ,3.77 ,0 ,-16%,56.9,49.4,65,0,4,3,0,1,0 
2016,Jun,5,S,7-S,6/5/2016,87328,63644,300028,0.728792598,400125,10.59 ,925,8.40,12.20,"1,065 ",3.80 ,0 ,-15%,60.7,52.4,82,0,13,11,0,2,0 
2016,Jun,6,M,1-M,6/6/2016,86080,60343,360371,0.701010688,486205,7.42 ,639,8.40,8.29,713 ,(0.11),1 ,-12%,68.1,61.5,59,0,15,15,0,0,0 
2016,Jun,7,T,2-T,6/7/2016,82242,56233,416604,0.683750395,568447,5.73 ,471,8.40,6.39,526 ,(2.01),1 ,-12%,68.3,59.9,46,0,10,10,0,0,0 
2016,Jun,8,W,3-W,6/8/2016,84242,58581,475185,0.695389473,652689,6.79 ,572,8.40,7.59,640 ,(0.81),1 ,-12%,68.1,64.4,45,0,8,7,0,1,0 
2016,Jun,9,Q,4-Q,6/9/2016,88645,60081,535266,0.677770884,741334,4.39 ,389,8.40,5.86,519 ,(2.54),1 ,-33%,67.3,56.4,58,0,2,2,0,0,Net tracer down most of the day
2016,Jun,10,F,5-F,6/10/2016,89324,62485,597751,0.699532041,830658,9.92 ,886,8.40,11.58,"1,034 ",3.18 ,0 ,-17%,65.0,57.4,54,2,6,6,0,0,C bagroom down 4pm to 730pm
2016,Jun,11,J,6-J,6/11/2016,74992,56271,654022,0.750360038,905650,16.80 ,1260,8.40,20.26,"1,519 ",11.86 ,0 ,-21%,43.2,35.6,94,15,11,4,7,0,LCL WX + A BGRM SYSTEM
2016,Jun,12,S,7-S,6/12/2016,72424,55805,709827,0.770531868,978074,14.79 ,1071,8.40,23.19,"1,680 ",14.79 ,0 ,-57%,32.7,40.3,146,51,140,2,126,12,LCL WX
2016,Jun,13,M,1-M,6/13/2016,78301,59186,769013,0.755877958,1056375,19.21 ,1504,8.40,26.60,"2,082 ",18.20 ,0 ,-38%,28.4,22.2,136,15,85,6,76,3,LCL WX
2016,Jun,14,T,2-T,6/14/2016,83485,63963,832976,0.766161586,1139860,10.72 ,895,8.40,12.05,"1,006 ",3.65 ,0 ,-12%,46.7,45.3,51,0,7,7,0,0,Ruboff
2016,Jun,15,W,3-W,6/15/2016,84202,64322,897298,0.763901095,1224062,7.05 ,594,8.40,8.40,707 ,(0.00),1 ,-19%,59.6,57.2,68,0,2,2,0,0,MU-16 backup @ 17:00
2016,Jun,16,Q,4-Q,6/16/2016,86949,64714,962012,0.74427538,1311011,7.11 ,618,8.40,8.13,707 ,(0.27),1 ,-14%,65.2,56.2,69,1,2,1,0,1,0 
2016,Jun,17,F,5-F,6/17/2016,88108,63319,1025331,0.718652109,1399119,7.88 ,694,8.40,9.53,839 ,1.13 ,0 ,-21%,65.7,61.4,118,2,1,1,0,0,0 
2016,Jun,18,J,6-J,6/18/2016,76950,61492,1086823,0.799116309,1476069,9.33 ,718,8.40,10.94,842 ,2.54 ,0 ,-17%,69.9,59.5,50,1,2,2,0,0,0 
2016,Jun,19,S,7-S,6/19/2016,81925,64410,1151233,0.786206897,1557994,8.74 ,716,8.40,10.10,828 ,1.70 ,0 ,-16%,72.8,62.2,69,1,2,1,0,1,0 
2016,Jun,20,M,1-M,6/20/2016,84840,63057,1214290,0.74324611,1642834,6.42 ,545,8.40,7.60,645 ,(0.80),1 ,-18%,69.3,58.6,74,1,3,3,0,0,0 
2016,Jun,21,T,2-T,6/21/2016,80872,60985,1275275,0.754092888,1723706,7.33 ,593,8.40,8.01,648 ,(0.39),1 ,-9%,64.2,57.5,61,0,7,7,0,0,0 
2016,Jun,22,W,3-W,6/22/2016,85081,64272,1339547,0.755421304,1808787,7.11 ,605,8.40,7.95,676 ,(0.45),1 ,-12%,59.9,55.6,46,1,10,8,0,2,0 
2016,Jun,23,Q,4-Q,6/23/2016,88588,66936,1406483,0.755587664,1897375,7.18 ,636,8.40,8.68,769 ,0.28 ,0 ,-21%,52.8,43.4,68,0,3,3,0,0,WX in Northeast
2016,Jun,24,F,5-F,6/24/2016,89544,69018,1475501,0.770771911,1986919,8.10 ,725,8.40,9.72,870 ,1.32 ,0 ,-20%,61.2,51.9,71,1,10,7,2,1,0 
2016,Jun,25,J,6-J,6/25/2016,77077,61855,1537356,0.802509179,2063996,9.82 ,757,8.40,11.41,880 ,3.01 ,0 ,-16%,69.4,53.9,50,0,10,10,0,0,0 
2016,Jun,26,S,7-S,6/26/2016,85797,69957,1607313,0.81537816,2149793,10.21 ,876,8.40,11.54,990 ,3.14 ,0 ,-13%,61.9,55.1,54,0,8,6,1,1,customs APC issue
2016,Jun,27,M,1-M,6/27/2016,81385,57965,1665278,0.712231984,2231178,8.36 ,680,8.40,11.85,964 ,3.45 ,0 ,-42%,52.3,47.9,107,26,24,2,21,1,PM WX
2016,Jun,28,T,2-T,6/28/2016,81849,63553,1728831,0.77646642,2313027,12.29 ,1006,8.40,14.68,"1,202 ",6.28 ,0 ,-19%,45.4,39.2,83,1,21,13,6,2,Ruboff
2016,Jun,29,W,3-W,6/29/2016,86194,66866,1795697,0.775761654,2399221,9.26 ,798,8.40,9.99,861 ,1.59 ,0 ,-8%,60.0,53.6,69,0,14,13,1,0,0 
2016,Jun,30,Q,4-Q,6/30/2016,96492,71049,1866746,0.736320109,2495713,8.29 ,800,8.40,9.75,941 ,1.35 ,0 ,-18%,62.5,54.0,69,0,11,11,0,0,FLEX FLYING
2016,Jul,1,F,5-F,7/1/2016,98333,75813,75813,0.770982275,98333,8.22 ,808,8.40,10.51,1034,2.11 ,0 ,-28%,59.8,47.7,93,0,12,5,5,2,FLEX FLYING
2016,Jul,2,J,6-J,7/2/2016,80591,62203,138016,0.771835565,178924,10.56 ,851,8.40,11.78,949,3.38 ,0 ,-12%,66.1,50.7,68,0,1,0,0,1,0 
2016,Jul,3,S,7-S,7/3/2016,70279,50749,188765,0.7221076,249203,8.69 ,611,8.40,9.46,665 ,1.06 ,0 ,-9%,74.3,59.7,62,0,6,4,0,2,0 
2016,Jul,4,M,1-M,7/4/2016,67395,49290,238055,0.731359893,316598,9.76 ,658,8.40,10.94,737 ,2.54 ,0 ,-12%,39.9,35.5,103,17,18,12,6,0,Early AM WX 1ST Bank diverted
2016,Jul,5,T,2-T,7/5/2016,82386,60644,298699,0.736095939,398984,9.05 ,746,8.40,10.11,833 ,1.71 ,0 ,-12%,42.8,45.3,52,0,12,5,7,0,Overnight WX/CBP 1400-1540
2016,Jul,6,W,3-W,7/6/2016,81158,53772,352471,0.662559452,480142,7.49 ,608,8.40,7.99,649 ,(0.41),1 ,-7%,64.3,62.6,69,0,3,2,0,1,0 
2016,Jul,7,Q,4-Q,7/7/2016,79454,59909,412380,0.754008609,559596,5.79 ,460,8.40,6.09,484 ,(2.31),1 ,-5%,69.9,67.5,54,0,3,3,0,0,0 
2016,Jul,8,F,5-F,7/8/2016,81129,60822,473202,0.74969493,640725,7.62 ,618,8.40,8.82,716 ,0.42 ,0 ,-16%,67.1,62.0,79,0,5,2,3,0,0 
2016,Jul,9,J,6-J,7/9/2016,71660,54322,527524,0.758051912,712385,11.01 ,789,8.40,14.71,"1,054 ",6.31 ,0 ,-34%,41.8,37.5,55,32,28,8,18,2,LCL WEATHER
2016,Jul,10,S,7-S,7/10/2016,83815,68638,596162,0.818922627,796200,11.16 ,935,8.40,12.73,"1,067 ",4.33 ,0 ,-14%,58.4,51.8,69,2,14,10,2,2,Ruboff
2016,Jul,11,M,1-M,7/11/2016,84440,63502,659664,0.752036949,880640,5.96 ,503,8.40,6.78,573 ,(1.62),1 ,-14%,68.3,69.2,55,0,5,5,0,0,0 
2016,Jul,12,T,2-T,7/12/2016,80821,61732,721396,0.763811386,961461,6.90 ,558,8.40,7.70,622 ,(0.70),1 ,-12%,70.6,69.1,55,0,4,3,0,1,0 
2016,Jul,13,W,3-W,7/13/2016,81788,60707,782103,0.742248252,1043249,6.60 ,540,8.40,7.43,608 ,(0.97),1 ,-13%,67.3,69.2,51,0,9,6,2,1,0 
2016,Jul,14,Q,4-Q,7/14/2016,88136,65067,847170,0.738256785,1131385,7.85 ,692,8.40,9.00,793 ,0.60 ,0 ,-15%,50.4,52.3,56,0,11,7,4,0,0 
2016,Jul,15,F,5-F,7/15/2016,82429,59955,907125,0.727353237,1213814,20.16 ,1662,8.40,24.70,"2,036 ",16.30 ,0 ,-23%,18.1,13.2,129,26,60,3,57,0,IROPS/ramp closure 843a-1015a
2016,Jul,16,J,6-J,7/16/2016,80885,62129,969254,0.768115225,1294699,10.95 ,886,8.40,13.14,"1,063 ",4.74 ,0 ,-20%,66.8,57.4,49,1,1,1,0,0,0 
2016,Jul,17,S,7-S,7/17/2016,85708,68790,1038044,0.802608858,1380407,7.22 ,619,8.40,8.06,691 ,(0.34),1 ,-12%,72.6,70.8,35,0,2,2,0,0,0 
2016,Jul,18,M,1-M,7/18/2016,83393,62127,1100171,0.744990587,1463800,7.21 ,601,8.40,7.91,660 ,(0.49),1 ,-10%,67.6,64.9,37,0,5,4,1,0,MEGA SCAN 
2016,Jul,19,T,2-T,7/19/2016,81721,61091,1161262,0.747555708,1545521,6.79 ,555,8.40,7.69,628 ,(0.71),1 ,-13%,73.7,65.7,61,0,4,4,0,0,0 
2016,Jul,20,W,3-W,7/20/2016,84021,62798,1224060,0.747408386,1629542,7.58 ,637,8.40,8.24,692 ,(0.16),1 ,-9%,66.3,67.2,33,0,1,1,0,0,DBR  OTS 1700-2100
2016,Jul,21,Q,4-Q,7/21/2016,89101,65803,1289863,0.738521453,1718643,6.61 ,589,8.40,8.13,724 ,(0.27),1 ,-23%,66.7,57.1,64,0,4,4,0,0,GRU bags left off
2016,Jul,22,F,5-F,7/22/2016,91667,71485,1361348,0.779833528,1810310,8.14 ,746,8.40,9.46,867 ,1.06 ,0 ,-16%,60.9,58.3,62,0,11,10,0,1,C bgrm sys failures
2016,Jul,23,J,6-J,7/23/2016,79660,63066,1424414,0.791689681,1889970,10.29 ,820,8.40,11.73,934 ,3.33 ,0 ,-14%,66.8,59.3,34,1,4,4,0,0,0 
2016,Jul,24,S,7-S,7/24/2016,86869,66561,1490975,0.766222703,1976839,8.02 ,697,8.40,9.39,816 ,0.99 ,0 ,-17%,68.2,60.5,67,0,19,13,4,2,0 
2016,Jul,25,M,1-M,7/25/2016,77605,59621,1550596,0.768262354,2054444,9.39 ,729,8.40,11.93,926 ,3.53 ,0 ,-27%,46.6,42.3,114,7,52,9,40,3,Ramp closed 17:30-18:01
2016,Jul,26,T,2-T,7/26/2016,80664,61922,1612518,0.767653476,2135108,9.48 ,765,8.40,10.80,871 ,2.40 ,0 ,-14%,50.7,46.4,46,2,15,11,3,1,0 
2016,Jul,27,W,3-W,7/27/2016,78427,56899,1669417,0.725502697,2213535,11.65 ,914,8.40,15.61,"1,224 ",7.21 ,0 ,-34%,45.2,46.9,125,7,64,7,54,3,Storms in surrounding areas/Envoy IT failure 6a-UFN
2016,Jul,28,Q,4-Q,7/28/2016,86273,64800,1734217,0.751104053,2299808,10.42 ,899,8.40,12.18,"1,051 ",3.78 ,0 ,-17%,39.9,34.4,95,0,23,12,4,5,Ramp app programs failure 1500-1800/Envoy PDA failures
2016,Jul,29,F,5-F,7/29/2016,89640,69260,1803477,0.77264614,2389448,13.44 ,1205,8.40,14.88,"1,334 ",6.48 ,0 ,-11%,46.4,43.3,51,1,9,5,3,1,Slow download from Siteminder…spill into Prime/Envoy PDA still down
2016,Jul,30,J,6-J,7/30/2016,78524,63827,1867304,0.812834293,2467972,12.80 ,1005,8.40,15.40,"1,209 ",7.00 ,0 ,-20%,54.4,48.5,78,0,12,10,0,2,0 
2016,Jul,31,S,7-S,7/31/2016,84439,68891,1936195,0.815867076,2552411,11.06 ,934,8.40,11.96,"1,010 ",3.56 ,0 ,-8%,59.9,48.2,59,0,9,6,2,1,0 
2016,Aug,1,M,1-M,8/1/2016,82865,63914,63914,0.771302721,82865,9.41 ,780,8.60,10.39,861,1.79 ,0 ,-10%,62.3,51.8,78,1,10,5,3,2,0 
2016,Aug,2,T,2-T,8/2/2016,80044,60757,124671,0.759045025,162909,8.01 ,641,8.60,9.05,724,0.45 ,0 ,-13%,69.9,67.6,45,0,5,2,1,2,MIA WX
2016,Aug,3,W,3-W,8/3/2016,83519,63629,188300,0.761850597,246428,6.71 ,560,8.60,7.36,615 ,(1.24),1 ,-10%,73.9,67.3,44,0,1,0,1,0,0 
2016,Aug,4,Q,4-Q,8/4/2016,85550,62549,250849,0.731139684,331978,8.19 ,701,8.60,9.11,780 ,0.51 ,0 ,-11%,65.3,54.4,70,0,13,9,1,3,0 
2016,Aug,5,F,5-F,8/5/2016,87958,66368,317217,0.75454194,419936,9.32 ,820,8.60,10.89,958 ,2.29 ,0 ,-17%,64.5,51.2,56,1,8,4,2,2,ATC in Florida/Carribean market
2016,Aug,6,J,6-J,8/6/2016,77434,62735,379952,0.810173825,497370,11.58 ,897,8.60,13.25,"1,026 ",4.65 ,0 ,-14%,72.2,65.9,48,0,4,2,0,2,0 
2016,Aug,7,S,7-S,8/7/2016,82918,65254,445206,0.78697026,580288,10.77 ,893,8.60,12.09,"1,003 ",3.49 ,0 ,-12%,61.5,62.7,56,0,5,5,0,0,0 
2016,Aug,8,M,1-M,8/8/2016,83961,63043,508249,0.750860519,664249,7.88 ,662,8.60,8.91,748 ,0.31 ,0 ,-13%,59.0,55.9,49,1,4,2,1,1,0 
2016,Aug,9,T,2-T,8/9/2016,80655,60860,569109,0.754571942,744904,8.39 ,677,8.60,9.31,751 ,0.71 ,0 ,-11%,56.9,59.7,51,1,2,1,0,1,0 
2016,Aug,10,W,3-W,8/10/2016,82912,62244,631353,0.750723659,827816,8.53 ,707,8.60,9.74,808 ,1.14 ,0 ,-14%,62.1,60.4,46,1,0,0,0,0,AM Ramplink/T-Link issues
2016,Aug,11,Q,4-Q,8/11/2016,86328,62780,694133,0.727226392,914144,6.81 ,588,8.60,7.54,651 ,(1.06),1 ,-11%,67.0,62.1,39,2,4,2,1,1,AM Ramplink/T-Link issues 8am-9am
2016,Aug,12,F,5-F,8/12/2016,66753,47591,741724,0.71294174,980897,11.55 ,771,8.60,20.60,"1,375 ",12.00 ,0 ,-78%,52.4,48.3,134,50,184,2,179,3,Multiple rampclosures starting 15:57
2016,Aug,13,J,6-J,8/13/2016,73667,62666,804390,0.850665834,1054564,23.74 ,1749,8.60,28.76,"2,118 ",20.16 ,0 ,-21%,34.7,22.0,117,12,34,3,26,5,Ruboff
2016,Aug,14,S,7-S,8/14/2016,81138,65877,870267,0.811913037,1135702,13.58 ,1102,8.60,15.89,"1,290 ",7.29 ,0 ,-17%,54.8,51.9,38,1,25,15,9,1,Prime outage
2016,Aug,15,M,1-M,8/15/2016,82241,62707,932974,0.762478569,1217943,9.03 ,743,8.60,10.10,831 ,1.50 ,0 ,-12%,57.3,54.3,40,1,11,9,1,1,0 
2016,Aug,16,T,2-T,8/16/2016,75493,57363,990337,0.759845284,1293436,6.80 ,513,8.60,8.97,677 ,0.37 ,0 ,-32%,56.0,60.3,56,0,6,5,1,0,JFK pwr outage
2016,Aug,17,W,3-W,8/17/2016,76191,56025,1046362,0.73532307,1369627,6.09 ,464,8.60,8.33,635 ,(0.27),1 ,-37%,48.3,51.8,69,0,9,6,1,2,Nettracer sytem issues
2016,Aug,18,Q,4-Q,8/18/2016,77928,56668,1103030,0.727184067,1447555,10.20 ,795,8.60,13.38,"1,043 ",4.78 ,0 ,-31%,33.8,40.6,61,1,41,4,25,12,inbound ground delay-730-1200pm/afternoon WX
2016,Aug,19,F,5-F,8/19/2016,58596,44049,1147079,0.751740733,1506151,15.67 ,918,8.60,30.27,"1,774 ",21.67 ,0 ,-93%,27.1,40.4,119,50,221,2,214,5,severe WX all day/ramp closures/cancellations
2016,Aug,20,J,6-J,8/20/2016,55270,48450,1195529,0.876605754,1561421,46.39 ,2564,8.60,56.88,"3,144 ",48.28 ,0 ,-23%,13.6,9.9,171,55,177,5,169,4,REG DM ISSUES/ LCL WEATHER
2016,Aug,21,S,7-S,8/21/2016,77598,64431,1259960,0.830317792,1639019,15.03 ,1166,8.60,16.90,"1,312 ",8.30 ,0 ,-12%,53.9,47.8,57,0,19,5,13,1,Ruboff
2016,Aug,22,M,1-M,8/22/2016,77429,59051,1319011,0.76264707,1716448,10.38 ,804,8.60,11.89,921 ,3.29 ,0 ,-15%,44.7,44.8,67,1,20,1,18,1,Afternoon WX
2016,Aug,23,T,2-T,8/23/2016,71774,53669,1372680,0.747749882,1788222,6.17 ,443,8.60,6.75,484 ,(1.85),1 ,-9%,72.9,71.1,36,1,1,0,1,0,0 
2016,Aug,24,W,3-W,8/24/2016,71274,51049,1423729,0.716235935,1859496,8.19 ,584,8.60,8.79,627 ,0.19 ,0 ,-7%,73.0,75.1,64,0,1,1,0,0,Estimate #
2016,Aug,25,Q,4-Q,8/25/2016,77632,56556,1480285,0.728514015,1937128,6.60 ,512,8.60,7.37,572 ,(1.23),1 ,-12%,70.9,70.2,57,1,3,2,0,1,0 
2016,Aug,26,F,5-F,8/26/2016,77699,60735,1541020,0.781670292,2014827,12.24 ,951,8.60,12.80,995 ,4.20 ,0 ,-5%,43.6,46.2,86,3,14,1,13,0,Afternoon WX
2016,Aug,27,J,6-J,8/27/2016,61510,45776,1586796,0.744204194,2076337,9.06 ,557,8.60,9.39,578 ,0.79 ,0 ,-4%,78.5,73.4,36,0,0,0,0,0,Report sys outage
2016,Aug,28,S,7-S,8/28/2016,72313,55899,1642695,0.773014534,2148650,7.40 ,535,8.60,8.03,581 ,(0.57),1 ,-9%,70.8,74.3,54,0,0,0,0,0,B-bagroom water main leak
2016,Aug,29,M,1-M,8/29/2016,71075,49820,1692515,0.700949701,2219725,7.67 ,545,8.60,9.11,647 ,0.51 ,0 ,-19%,52.5,49.3,98,8,20,0,20,0,Afternoon WX
2016,Aug,30,T,2-T,8/30/2016,64086,45626,1738141,0.711949568,2283811,6.09 ,390,8.60,6.85,439 ,(1.75),1 ,-13%,68.9,70.1,53,0,0,0,0,0,0 
2016,Aug,31,W,3-W,8/31/2016,72755,52002,1790143,0.714755,2356566,7.08 ,515,8.60,7.79,567 ,(0.81),1 ,-10%,68.3,74.6,51,0,0,0,0,0,0 
2016,Sep,1,Q,4-Q,9/1/2016,81548,60321,60321,0.739699318,81548,7.92 ,646,4.20,8.72,711,4.52 ,0 ,-10%,43.2,51.5,58,1,9,2,7,0,LVL 2 DIV/Strorms south
2016,Sep,2,F,5-F,9/2/2016,87840,61808,122129,0.703642987,169388,5.90 ,518,4.20,6.37,559,2.17 ,0 ,-8%,68.1,62.6,49,0,5,0,5,0,0 
2016,Sep,3,J,6-J,9/3/2016,62138,47998,170127,0.772441984,231526,6.52 ,405,4.20,7.39,459,3.19 ,0 ,-13%,82.6,77.7,15,0,0,0,0,0,0 
2016,Sep,4,S,7-S,9/4/2016,59096,44650,214777,0.755550291,290622,7.07 ,418,4.20,7.92,468,3.72 ,0 ,-12%,86.1,81.5,17,0,0,0,0,0,B Bagroom issues/SAL bulkout
2016,Sep,5,M,1-M,9/5/2016,79916,56809,271586,0.710858902,370538,4.86 ,388,4.20,5.40,431,1.20 ,0 ,-11%,83.5,80.6,30,0,0,0,0,0,0 
2016,Sep,6,T,2-T,9/6/2016,78343,56731,328317,0.72413617,448881,4.34 ,340,4.20,4.89,383,0.69 ,0 ,-13%,78.9,78.5,43,0,0,0,0,0,0 
2016,Sep,7,W,3-W,9/7/2016,70689,51286,379603,0.725515993,519570,5.46 ,386,4.20,5.97,422,1.77 ,0 ,-9%,78.4,78.3,42,0,0,0,0,0,0 
2016,Sep,8,Q,4-Q,9/8/2016,75446,52854,432457,0.700554039,595016,3.61 ,272,4.20,3.92,295,(0.28),1 ,-9%,78.2,79.1,23,0,1,0,1,0,0 
2016,Sep,9,F,5-F,9/9/2016,79374,55836,488293,0.703454532,674390,5.95 ,472,4.20,6.34,503,2.14 ,0 ,-7%,78.8,77.4,44,0,4,3,0,1,Terminal D belt issues/security issue Terminal A
2016,Sep,10,J,6-J,9/10/2016,62122,52341,540634,0.842551753,736512,9.01 ,560,4.20,9.81,609,5.61 ,0 ,-9%,70.8,73.7,72,4,0,0,0,0,AM WX
2016,Sep,11,S,7-S,9/11/2016,76393,58283,598917,0.762936395,812905,6.35 ,485,4.20,6.94,530,2.74 ,0 ,-9%,78.2,74.8,37,0,1,1,0,0,0 
2016,Sep,12,M,1-M,9/12/2016,83685,58107,657024,0.694353827,896590,4.71 ,394,4.20,5.35,447,1.15 ,0 ,-14%,80.2,71.9,35,1,2,2,0,0,Regional Dynamic Manning issues
2016,Sep,13,T,2-T,9/13/2016,70494,48777,705801,0.691931228,967084,4.72 ,333,4.20,5.37,379,1.17 ,0 ,-14%,78.5,75.6,48,0,4,2,0,2,0 
2016,Sep,14,W,3-W,9/14/2016,76347,54583,760384,0.714933134,1043431,6.10 ,466,4.20,7.02,536,2.82 ,0 ,-15%,70.1,71.2,43,0,1,0,1,0,0 
2016,Sep,15,Q,4-Q,9/15/2016,84601,60904,821288,0.719896928,1128032,5.58 ,472,4.20,6.51,550,2.31 ,0 ,-17%,59.8,56.6,65,10,4,2,1,1,Afternoon WX
2016,Sep,16,F,5-F,9/16/2016,87541,63926,885214,0.730240687,1215573,6.25 ,547,4.20,6.62,580,2.42 ,0 ,-6%,67.4,63.3,66,0,0,0,0,0,A BSF 12:30/D BSF 20:00
2016,Sep,17,J,6-J,9/17/2016,66608,55627,940841,0.835139923,1282181,7.06 ,470,4.20,7.70,513,3.50 ,0 ,-9%,78.6,74.0,14,0,1,1,0,0,0 
2016,Sep,18,S,7-S,9/18/2016,80186,61809,1002650,0.770820343,1362367,7.07 ,567,4.20,7.75,622,3.55 ,0 ,-10%,66.5,71.0,55,0,1,1,0,0,Early AM WX
2016,Sep,19,M,1-M,9/19/2016,82046,58885,1061535,0.71770714,1444413,9.18 ,753,4.20,10.39,852,6.19 ,0 ,-13%,71.2,62.4,63,7,2,0,2,0,Afternoon WX/Ramp Closures
2016,Sep,20,T,2-T,9/20/2016,72486,52977,1114512,0.730858373,1516899,4.87 ,353,4.20,5.68,412,1.48 ,0 ,-17%,78.1,75.6,46,0,1,0,1,0,0 
2016,Sep,21,W,3-W,9/21/2016,78829,58065,1172577,0.736594401,1595728,5.59 ,441,4.20,5.84,460,1.64 ,0 ,-4%,74.9,73.9,45,0,1,0,0,1,0 
2016,Sep,22,Q,4-Q,9/22/2016,85526,59145,1231722,0.691544092,1681254,5.74 ,491,4.20,5.95,509,1.75 ,0 ,-4%,74.2,68.6,68,1,2,1,0,1,0 
2016,Sep,23,F,5-F,9/23/2016,86671,62864,1294586,0.72531758,1767925,8.78 ,761,4.20,9.11,790,4.91 ,0 ,-4%,71.9,68.1,39,1,1,1,0,0,D system failure 1700-1930
2016,Sep,24,J,6-J,9/24/2016,64385,54706,1349292,0.849669954,1832310,8.54 ,550,4.20,9.91,638,5.71 ,0 ,-16%,67.9,63.0,46,4,2,0,0,2,Afternoon WX/Ramp Closures
2016,Sep,25,S,7-S,9/25/2016,72492,53887,1403179,0.74335099,1904802,14.07 ,1020,4.20,17.26,"1,251 ",13.06 ,0 ,-23%,24.4,35.0,61,1,39,3,34,2,Area WX
2016,Sep,26,M,1-M,9/26/2016,84708,61970,1465149,0.731571988,1989510,7.31 ,619,4.20,7.93,671 ,3.73 ,0 ,-8%,55.7,59.2,50,0,2,2,0,0,0 
2016,Sep,27,T,2-T,9/27/2016,72522,52784,1517933,0.727834312,2062032,4.21 ,305,4.20,4.67,339 ,0.47 ,0 ,-11%,76.0,77.4,29,0,0,0,0,0,0 
2016,Sep,28,W,3-W,9/28/2016,76636,55069,1573002,0.718578736,2138668,4.03 ,309,4.20,4.45,341 ,0.25 ,0 ,-10%,75.7,76.2,24,0,0,0,0,0,0 
2016,Sep,29,Q,4-Q,9/29/2016,84213,60016,1633018,0.712669065,2222881,6.20 ,522,4.20,6.87,578 ,2.67 ,0 ,-11%,70.9,67.1,66,1,0,0,0,0,A belt sys in the a.m.
2016,Sep,30,F,5-F,9/30/2016,86894,64682,1697700,0.744378208,2309775,5.24 ,455,4.20,5.59,486 ,1.39 ,0 ,-7%,73.0,68.8,52,1,1,0,0,1,0 
2016,Oct,1,J,6-J,10/1/2016,66481,57632,57632,0.866894301,66481,8.15 ,542,5.00,8.85,589,3.85 ,0 ,-9%,84.2,76.1,39,0,1,0,0,1,D BGRM JAMS-1800
2016,Oct,2,S,7-S,10/2/2016,75793,57659,115291,0.760743077,142274,6.86 ,520,5.00,7.50,568,2.50 ,0 ,-9%,79.2,72.2,28,0,0,0,0,0,0 
2016,Oct,3,M,1-M,10/3/2016,78403,57756,173047,0.736655485,220677,4.91 ,385,5.00,5.45,428,0.45 ,0 ,-11%,82.5,79.7,37,0,3,2,0,1,0 
2016,Oct,4,T,2-T,10/4/2016,70972,52412,225459,0.738488418,291649,3.45 ,245,5.00,3.98,282,(1.02),1 ,-15%,74.7,75.9,43,0,0,0,0,0,0 
2016,Oct,5,W,3-W,10/5/2016,77122,56794,282253,0.736417624,368771,4.72 ,364,5.00,5.03,389,0.03 ,0 ,-7%,78.5,75.8,39,0,3,2,1,0,0 
2016,Oct,6,Q,4-Q,10/6/2016,81359,59297,341550,0.728831475,450130,4.47 ,364,5.00,5.11,416,0.11 ,0 ,-14%,73.0,67.5,57,0,27,0,26,1,Hurricane Matthew
2016,Oct,7,F,5-F,10/7/2016,83616,59008,400558,0.705702258,533746,7.74 ,647,5.00,8.40,703,3.40 ,0 ,-9%,48.9,51.8,57,1,22,0,22,0,Hurricane Matthew
2016,Oct,8,J,6-J,10/8/2016,66175,54513,455071,0.823770306,599921,6.41 ,424,5.00,7.26,482,2.26 ,0 ,-14%,78.9,69.1,28,0,5,0,5,0,C17 trans belt/ T-LINK error w/LUS bags
2016,Oct,9,S,7-S,10/9/2016,74399,56420,511491,0.758343526,674320,5.40 ,402,5.00,5.87,438,0.87 ,0 ,-9%,77.0,72.4,45,0,7,1,6,0,T-LINK error w/LUS bags
2016,Oct,10,M,1-M,10/10/2016,82124,59050,570541,0.719034631,756444,4.96 ,407,5.00,5.46,449,0.46 ,0 ,-10%,78.8,71.1,48,0,3,3,0,0,PRIME/T-LINK OUTAGE-PM
2016,Oct,11,T,2-T,10/11/2016,73784,53526,624067,0.72544183,830228,4.13 ,305,5.00,4.82,356,(0.18),1 ,-17%,81.0,76.5,52,2,0,0,0,0,Prime outage
2016,Oct,12,W,3-W,10/12/2016,75399,55877,679944,0.741084099,905627,4.96 ,374,5.00,5.54,418,0.54 ,0 ,-12%,78.6,78.4,25,0,1,0,1,0,0 
2016,Oct,13,Q,4-Q,10/13/2016,82652,59850,739794,0.724120408,988279,4.60 ,380,5.00,5.26,436,0.26 ,0 ,-15%,59.3,70.2,48,0,1,1,0,0,0 
2016,Oct,14,F,5-F,10/14/2016,84924,61443,801237,0.723505723,1073203,6.50 ,552,5.00,7.33,623,2.33 ,0 ,-13%,46.0,51.3,60,0,3,3,0,0,0 
2016,Oct,15,J,6-J,10/15/2016,66886,57394,858631,0.858086894,1140089,6.35 ,425,5.00,6.89,462,1.89 ,0 ,-9%,77.5,76.5,41,1,2,0,1,1,0 
2016,Oct,16,S,7-S,10/16/2016,79477,61905,920536,0.778904589,1219566,5.30 ,421,5.00,5.84,465,0.84 ,0 ,-11%,76.5,73.0,37,0,0,0,0,0,0 
2016,Oct,17,M,1-M,10/17/2016,83221,61766,982302,0.742192475,1302787,5.31 ,442,5.00,5.87,490,0.87 ,0 ,-11%,70.6,72.9,42,1,1,0,0,1,0 
2016,Oct,18,T,2-T,10/18/2016,76411,57153,1039455,0.747968224,1379198,3.85 ,294,5.00,4.27,327,(0.73),1 ,-11%,78.3,76.6,30,0,0,0,0,0,0 
2016,Oct,19,W,3-W,10/19/2016,79090,58894,1098349,0.744645341,1458288,4.88 ,386,5.00,5.65,447,0.65 ,0 ,-16%,74.6,75.1,58,2,0,0,0,0,0 
2016,Oct,20,Q,4-Q,10/20/2016,84837,61978,1160327,0.730553886,1543125,6.20 ,526,5.00,6.83,580,1.83 ,0 ,-10%,42.3,52.2,54,0,1,0,1,0,0 
2016,Oct,21,F,5-F,10/21/2016,87652,64516,1224843,0.736047095,1630777,6.01 ,527,5.00,7.06,621,2.06 ,0 ,-18%,72.1,66.6,40,0,1,1,0,0,0 
2016,Oct,22,J,6-J,10/22/2016,65589,56521,1281364,0.86174511,1696366,6.82 ,447,5.00,7.07,465,2.07 ,0 ,-4%,84.0,78.6,25,1,1,0,0,1,CBGRM BELT-AM/
2016,Oct,23,S,7-S,10/23/2016,77788,59858,1341222,0.769501723,1774154,5.36 ,417,5.00,5.62,437,0.62 ,0 ,-5%,73.5,75.2,37,0,4,2,0,2,0 
2016,Oct,24,M,1-M,10/24/2016,81948,60098,1401320,0.733367501,1856102,5.49 ,450,5.00,6.19,506,1.19 ,0 ,-13%,73.4,72.6,56,0,1,1,0,0,0 
2016,Oct,25,T,2-T,10/25/2016,72654,52375,1453695,0.720882539,1928756,3.43 ,249,5.00,3.85,281,(1.15),1 ,-13%,83.3,82.9,30,0,1,0,1,0,0 
2016,Oct,26,W,3-W,10/26/2016,74824,54073,1507768,0.722669197,2003580,4.26 ,319,5.00,4.64,349,(0.36),1 ,-9%,76.5,74.8,35,0,1,0,0,1,0 
2016,Oct,27,Q,4-Q,10/27/2016,81874,58412,1566180,0.713437721,2085454,3.42 ,280,5.00,3.73,308,(1.27),1 ,-10%,81.9,76.8,30,0,2,0,0,2,0 
2016,Oct,28,F,5-F,10/28/2016,83144,60342,1626522,0.725752911,2168598,4.79 ,398,5.00,5.28,442 ,0.28 ,0 ,-11%,73.9,78.1,39,0,3,1,0,2,0 
2016,Oct,29,J,6-J,10/29/2016,58766,59313,1685835,1.009308103,2227364,8.08 ,475,5.00,8.37,495 ,3.37 ,0 ,-4%,85.4,82.7,17,0,0,0,0,0,D p.m. belt jams
2016,Oct,30,S,7-S,10/30/2016,69939,54681,1740516,0.781838459,2297303,5.92 ,414,5.00,6.56,457 ,1.56 ,0 ,-10%,79.8,78.1,43,1,4,2,1,1,0 
2016,Oct,31,M,1-M,10/31/2016,68258,49900,1790416,0.73104984,2365561,4.29 ,293,5.00,4.61,315 ,(0.39),1 ,-8%,81.2,76.5,44,0,3,2,1,0,0 
2016,Nov,1,T,2-T,11/1/2016,75309,54676,54676,0.726022122,75309,3.39 ,255,5.45,3.72,280,(1.73),1 ,-10%,77.1,74.1,29,0,1,1,0,0,0 
2016,Nov,2,W,3-W,11/2/2016,70510,50688,105364,0.718876755,145819,5.64 ,398,5.45,6.25,441,0.80 ,0 ,-11%,68.7,75.5,37,0,2,1,1,0,PM WX
2016,Nov,3,Q,4-Q,11/3/2016,80280,56776,162140,0.707224714,226099,4.61 ,370,5.45,5.21,418,(0.24),1 ,-13%,59.9,66.2,53,0,1,1,0,0,Power surge @10:25am
2016,Nov,4,F,5-F,11/4/2016,83018,59167,221307,0.71270086,309117,5.53 ,459,5.45,6.28,521,0.83 ,0 ,-14%,64.9,61.5,76,0,4,3,0,1,0 
2016,Nov,5,J,6-J,11/5/2016,60719,51039,272346,0.840577085,369836,6.52 ,396,5.45,7.30,443,1.85 ,0 ,-12%,83.7,76.7,29,2,0,0,0,0,0 
2016,Nov,6,S,7-S,11/6/2016,75301,56859,329205,0.755089574,445137,6.02 ,453,5.45,6.99,526,1.54 ,0 ,-16%,71.2,68.4,58,0,3,1,1,1,Area WX
2016,Nov,7,M,1-M,11/7/2016,73143,52269,381474,0.714613839,518280,11.13 ,814,5.45,12.46,911,7.01 ,0 ,-12%,34.2,41.1,82,3,35,1,34,0,Local WX
2016,Nov,8,T,2-T,11/8/2016,66650,44446,425920,0.666856714,584930,5.70 ,380,5.45,6.15,410,0.70 ,0 ,-8%,60.6,72.0,49,1,1,1,0,0,0 
2016,Nov,9,W,3-W,11/9/2016,71153,50889,476809,0.715205262,656083,4.58 ,326,5.45,5.00,356,(0.45),1 ,-9%,66.9,76.6,29,0,0,0,0,0,0 
2016,Nov,10,Q,4-Q,11/10/2016,83851,59652,536461,0.711404754,739934,3.83 ,321,5.45,4.00,336,(1.45),1 ,-5%,75.0,72.7,39,0,1,1,0,0,0 
2016,Nov,11,F,5-F,11/11/2016,83883,59551,596012,0.709929306,823817,5.19 ,435,5.45,5.79,486,0.34 ,0 ,-12%,67.7,64.3,45,0,2,2,0,0,Sabre outage11a-12p
2016,Nov,12,J,6-J,11/12/2016,61715,49736,645748,0.80589808,885532,6.51 ,402,5.45,7.34,453,1.89 ,0 ,-13%,82.3,76.5,35,0,1,1,0,0,0 
2016,Nov,13,S,7-S,11/13/2016,79286,60552,706300,0.763716167,964818,5.02 ,398,5.45,5.48,435,0.03 ,0 ,-9%,80.0,76.8,43,0,0,0,0,0,0 
2016,Nov,14,M,1-M,11/14/2016,83297,60098,766398,0.72149057,1048115,4.99 ,416,5.45,5.63,469,0.18 ,0 ,-13%,76.5,74.4,54,0,1,1,0,0,0 
2016,Nov,15,T,2-T,11/15/2016,70971,51144,817542,0.720632371,1119086,4.37 ,310,5.45,4.91,348,(0.54),1 ,-12%,83.3,78.9,55,0,2,0,0,2,0 
2016,Nov,16,W,3-W,11/16/2016,75215,54684,872226,0.727035831,1194301,4.56 ,343,5.45,4.67,351,(0.78),1 ,-2%,85.6,78.1,24,0,0,0,0,0,0 
2016,Nov,17,Q,4-Q,11/17/2016,82044,58825,931051,0.716993321,1276345,3.99 ,327,5.45,4.43,364,(1.02),1 ,-11%,74.4,74.0,41,0,0,0,0,0,0 
2016,Nov,18,F,5-F,11/18/2016,87318,66486,997537,0.761423761,1363663,7.13 ,623,5.45,7.93,692,2.48 ,0 ,-11%,52.2,63.0,52,0,1,0,1,0,0 
2016,Nov,19,J,6-J,11/19/2016,70516,59821,1057358,0.848332293,1434179,9.20 ,649,5.45,10.61,748,5.16 ,0 ,-15%,77.0,72.7,47,0,0,0,0,0,D BGRM JAMS(05:30-11:30/ 19:15-19:45)
2016,Nov,20,S,7-S,11/20/2016,70783,55748,1113106,0.787590241,1504962,4.73 ,335,5.45,5.05,357,(0.40),1 ,-7%,81.2,77.9,36,0,0,0,0,0,0 
2016,Nov,21,M,1-M,11/21/2016,66972,52515,1165621,0.784133668,1571934,4.32 ,289,5.45,4.74,317,(0.71),1 ,-10%,86.8,80.1,22,0,0,0,0,0,0 
2016,Nov,22,T,2-T,11/22/2016,72244,55093,1220714,0.762596202,1644178,4.51 ,326,5.45,5.10,369,(0.35),1 ,-13%,72.9,74.6,43,0,1,0,0,1,0 
2016,Nov,23,W,3-W,11/23/2016,79090,55061,1275775,0.696181565,1723268,4.16 ,329,5.45,4.53,359,(0.92),1 ,-9%,80.6,83.2,22,0,0,0,0,0,D belt jam@16:30
2016,Nov,24,Q,4-Q,11/24/2016,43274,30939,1306714,0.714955863,1766542,3.70 ,160,5.45,3.96,171,(1.49),1 ,-7%,87.7,80.8,22,0,0,0,0,0,0 
2016,Nov,25,F,5-F,11/25/2016,58950,43368,1350082,0.7356743,1825492,4.07 ,240,5.45,4.28,252 ,(1.17),1 ,-5%,86.0,85.6,22,0,0,0,0,0,0 
2016,Nov,26,J,6-J,11/26/2016,77869,59263,1409345,0.761060242,1903361,4.88 ,380,5.45,5.62,437 ,0.17 ,0 ,-15%,79.7,78.1,56,0,1,1,0,0,partial D belt mtx @ 8am/Flex
2016,Nov,27,S,7-S,11/27/2016,90139,66026,1475371,0.732490931,1993500,6.42 ,579,5.45,6.76,609 ,1.31 ,0 ,-5%,61.7,70.4,70,0,0,0,0,0,Flex flying
2016,Nov,28,M,1-M,11/28/2016,77659,60082,1535453,0.773664353,2071159,14.19 ,1102,5.45,16.08,"1,249 ",10.63 ,0 ,-13%,14.6,19.4,96,6,25,1,24,0,IROPS- AM ramp closures 
2016,Nov,29,T,2-T,11/29/2016,73385,56704,1592157,0.772691967,2144544,4.61 ,338,5.45,4.90,359 ,(0.55),1 ,-6%,67.9,69.8,43,0,1,0,1,0,Early AM D bgrm default issue/ PM REG TLINK DOWN
2016,Nov,30,W,3-W,11/30/2016,69711,53434,1645591,0.766507438,2214255,5.78 ,403,5.45,6.49,452 ,1.04 ,0 ,-12%,67.4,72.5,30,1,1,0,1,0,0 
2016,Dec,1,Q,4-Q,12/1/2016,73450,53514,53514,0.728577263,73450,3.42 ,251,10.40,3.93,289,(6.47),1 ,-15%,78.1,78.8,48,1,0,0,0,0,0 
2016,Dec,2,F,5-F,12/2/2016,72921,53457,106971,0.733081005,146371,4.06 ,296,10.40,5.00,365,(5.40),1 ,-23%,76.6,8.0,46,0,0,0,0,0,0 
2016,Dec,3,J,6-J,12/3/2016,51613,44433,151404,0.860887761,197984,8.45 ,436,10.40,9.93,513,(0.47),1 ,-18%,66.1,72.4,22,1,0,0,0,0,LOCAL WEATHER
2016,Dec,4,S,7-S,12/4/2016,70291,56020,207424,0.796972585,268275,6.69 ,470,10.40,7.45,524,(2.95),1 ,-11%,58.2,67.2,50,0,7,2,3,2,0 
2016,Dec,5,M,1-M,12/5/2016,76120,56287,263711,0.739450867,344395,6.23 ,474,10.40,6.71,511,(3.69),1 ,-8%,58.8,64.5,38,0,8,1,7,0,0 
2016,Dec,6,T,2-T,12/6/2016,62529,44944,308655,0.71877049,406924,3.79 ,237,10.40,4.19,262,(6.21),1 ,-11%,66.7,80.0,32,0,1,0,1,0,0 
2016,Dec,7,W,3-W,12/7/2016,68539,49963,358618,0.728971826,475463,3.65 ,250,10.40,4.16,285,(6.24),1 ,-14%,67.7,74.2,25,1,2,2,0,0,0 
2016,Dec,8,Q,4-Q,12/8/2016,76714,56468,415086,0.736084678,552177,6.11 ,469,10.40,6.92,531,(3.48),1 ,-13%,56.6,59.3,60,0,7,5,0,2,Deicing operation in a.m.
2016,Dec,9,F,5-F,12/9/2016,80317,62570,477656,0.779038062,632494,7.68 ,617,10.40,8.76,704,(1.64),1 ,-14%,68.9,62.3,35,0,3,3,0,0,D belts jams around 16:30
2016,Dec,10,J,6-J,12/10/2016,58287,51681,529337,0.886664265,690781,10.71 ,624,10.40,12.30,717,1.90 ,0 ,-15%,68.2,65.1,35,1,3,1,2,0,0 
2016,Dec,11,S,7-S,12/11/2016,73345,59994,589331,0.817969868,764126,8.48 ,622,10.40,9.79,718,(0.61),1 ,-15%,62.0,59.6,60,2,6,0,4,2,NE/ORD WX
2016,Dec,12,M,1-M,12/12/2016,76459,58455,647786,0.764527394,840585,6.20 ,474,10.40,7.04,538,(3.36),1 ,-14%,64.6,64.5,52,0,4,1,1,2,0 
2016,Dec,13,T,2-T,12/13/2016,64538,47427,695213,0.734869379,905123,7.79 ,503,10.40,8.98,579,(1.42),1 ,-15%,48.0,56.1,52,4,3,0,3,0,Dense AM fog
2016,Dec,14,W,3-W,12/14/2016,73566,56279,751492,0.765013729,978689,6.59 ,485,10.40,7.64,562,(2.76),1 ,-16%,58.6,64.6,64,0,2,1,0,1,0 
2016,Dec,15,Q,4-Q,12/15/2016,80615,64274,815766,0.797295789,1059304,9.18 ,740,10.40,10.90,878,0.50 ,0 ,-19%,48.5,46.6,59,0,11,3,7,1,0 
2016,Dec,16,F,5-F,12/16/2016,83621,70783,886549,0.846473972,1142925,12.15 ,1016,10.40,14.04,1174,3.64 ,0 ,-16%,46.6,46.4,43,0,20,5,15,0,D Belts jams various times thru the day
2016,Dec,17,J,6-J,12/17/2016,74394,65430,951979,0.879506412,1217319,20.93 ,1557,10.40,28.92,2152,18.52 ,0 ,-38%,37.9,31.2,91,0,40,11,16,13,High winds and IRROPS starting around 2PM
2016,Dec,18,S,7-S,12/18/2016,78750,65382,1017361,0.830247619,1296069,32.44 ,2555,10.40,41.83,3294,31.43 ,0 ,-29%,28.5,16.6,95,1,26,7,7,12,"D TERM-FIS ,TKTTR BELT, CTX OUTAGES, JAMS"
2016,Dec,19,M,1-M,12/19/2016,83558,70511,1087872,0.843856962,1379627,15.35 ,1283,10.40,19.02,1590,8.62 ,0 ,-24%,45.3,31.9,48,1,27,7,14,6,D BGRM MAINT ISSUES/ PIPES BURSTED C & D
2016,Dec,20,T,2-T,12/20/2016,82560,71456,1159328,0.865503876,1462187,8.93 ,737,10.40,10.04,829,(0.36),1 ,-12%,62.3,57.6,45,0,1,1,0,0,0 
2016,Dec,21,W,3-W,12/21/2016,83310,73101,1232429,0.877457688,1545497,8.45 ,704,10.40,8.78,732,(1.62),1 ,-4%,71.4,65.0,41,0,0,0,0,0,0 
2016,Dec,22,Q,4-Q,12/22/2016,83092,64881,1297310,0.780833293,1628589,9.51 ,790,10.40,10.34,859,(0.06),1 ,-9%,62.5,54.7,57,0,2,1,1,0,0 
2016,Dec,23,F,5-F,12/23/2016,82774,70490,1367800,0.851595912,1711363,8.83 ,731,10.40,9.88,817,(0.52),1 ,-12%,62.0,54.7,48,0,2,1,1,0,0 
2016,Dec,24,J,6-J,12/24/2016,66985,56887,1424687,0.849249832,1778348,8.46 ,567,10.40,10.21,684,(0.19),1 ,-21%,54.8,55.2,52,2,6,3,3,0,0 
2016,Dec,25,S,7-S,12/25/2016,66298,55129,1479816,0.83153338,1844646,6.71 ,445,10.40,7.85,520,(2.55),1 ,-17%,70.8,62.3,54,0,14,2,12,0,0 
2016,Dec,26,M,1-M,12/26/2016,77636,66553,1546369,0.857244062,1922282,6.80 ,528,10.40,8.01,622,(2.39),1 ,-18%,61.7,62.2,46,0,0,0,3,0,0 
2016,Dec,27,T,2-T,12/27/2016,81226,71301,1617670,0.877810061,2003508,8.70 ,707,10.40,9.94,807,(0.46),1 ,-14%,66.4,59.6,72,0,7,0,7,0,0 
2016,Dec,28,W,3-W,12/28/2016,79782,70713,1688383,0.886327743,2083290,7.75 ,618,10.40,8.59,685 ,(1.81),1 ,-11%,63.4,66.7,26,0,4,0,3,1,0 
2016,Dec,29,Q,4-Q,12/29/2016,78428,68616,1756999,0.87489162,2161718,6.75 ,529,10.40,7.27,570 ,(3.13),1 ,-8%,69.4,70.6,29,0,2,1,1,0,0 
2016,Dec,30,F,5-F,12/30/2016,77133,66389,1823388,0.860708128,2238851,9.28 ,716,10.40,10.04,774 ,(0.36),1 ,-8%,78.6,74.1,32,0,0,0,0,0,D belt issues@1730/A BGRM pier 11 issues @ 1500
2016,Dec,31,J,6-J,12/31/2016,60746,53194,1876582,0.875679057,2299597,6.91 ,420,10.40,7.61,463 ,(2.79),1 ,-10%,75.0,77.3,28,1,1,0,0,1,0 
2017,Jan,1,S,7-S,Jan/1/2017,63788,56910,56910,0.892174077,63788,12.75 ,813,9.76,14.34,915,4.58 ,0 ,-13%,63.6,57.9,48,0,9,4,3,2,0 
2017,Jan,2,M,1-M,Jan/2/2017,73598,69396,126306,0.942906057,137386,17.68 ,1301,9.76,20.43,1504,10.67 ,0 ,-16%,35.0,35.8,49,0,24,2,24,0,AM WX/C & D BR SYS Issues
2017,Jan,3,T,2-T,Jan/3/2017,78144,69715,196021,0.892135033,215530,10.99 ,859,9.76,12.90,1008,3.14 ,0 ,-17%,56.5,59.3,49,0,1,1,0,0,0 
2017,Jan,4,W,3-W,Jan/4/2017,74728,66926,262947,0.89559469,290258,14.13 ,1056,9.76,16.47,1231,6.71 ,0 ,-17%,58.5,56.7,52,0,20,11,9,0,0 
2017,Jan,5,Q,4-Q,Jan/5/2017,72217,62286,325233,0.862483903,362475,13.75 ,993,9.76,15.73,1136,5.97 ,0 ,-14%,47.9,48.5,59,0,17,7,10,0,D belt issue/multiple Colorado CXLDs/DFW cold WX
2017,Jan,6,F,5-F,Jan/6/2017,67160,55793,381026,0.830747469,429635,21.87 ,1469,9.76,25.82,1734,16.06 ,0 ,-18%,32.0,36.3,93,1,71,6,61,4,Severe cold and snow/multiple INT widebodies late
2017,Jan,7,J,6-J,Jan/7/2017,66677,61192,442218,0.917737751,496312,41.99 ,2800,9.76,48.16,3211,38.40 ,0 ,-15%,46.5,35.7,105,1,32,2,30,0,"System weather, muliple D-BGRM and FIS issues"
2017,Jan,8,S,7-S,Jan/8/2017,77995,71832,514050,0.920982114,574307,22.25 ,1735,9.76,25.49,1988,15.73 ,0 ,-15%,56.3,47.0,43,0,14,6,8,0,System WX
2017,Jan,9,M,1-M,Jan/9/2017,77899,64428,578478,0.827070951,652206,11.54 ,899,9.76,13.94,1086,4.18 ,0 ,-21%,63.9,58.1,77,0,10,0,9,1,System WX
2017,Jan,10,T,2-T,Jan/10/2017,68342,55657,634135,0.814389395,720548,9.51 ,650,9.76,10.47,716,0.71 ,0 ,-10%,70.0,69.7,79,0,5,1,4,0,D BGRM jams and FIS back up
2017,Jan,11,W,3-W,Jan/11/2017,69475,54183,688318,0.779892047,790023,10.91 ,758,9.76,11.99,833,2.23 ,0 ,-10%,67.7,68.2,80,0,2,1,1,0,D BGRM jams and FIS back up
2017,Jan,12,Q,4-Q,Jan/12/2017,80168,62848,751166,0.783953697,870191,5.97 ,479,9.76,6.76,542,(3.00),1 ,-13%,64.8,65.1,66,0,1,0,1,0,D BGRM jams and FIS back up
2017,Jan,13,F,5-F,Jan/13/2017,82088,63088,814254,0.768541078,952279,9.28 ,762,9.76,10.03,823,0.27 ,0 ,-8%,52.9,54.7,53,0,8,2,5,1,D BGRM jams and FIS back up
2017,Jan,14,J,6-J,Jan/14/2017,58477,52186,866440,0.892419242,1010756,11.85 ,693,9.76,13.52,791,3.76 ,0 ,-14%,63.1,61.1,46,1,3,0,3,0,0 
2017,Jan,15,S,7-S,Jan/15/2017,55453,48537,914977,0.87528177,1066209,17.73 ,983,9.76,29.41,1631,19.65 ,0 ,-66%,41.3,51.5,123,37,25,1,23,1,AM fog/PM severe WX
2017,Jan,16,M,1-M,Jan/16/2017,82646,66056,981033,0.799264332,1148855,15.03 ,1242,9.76,17.19,1421,7.43 ,0 ,-14%,48.6,37.8,74,0,10,1,9,0,AM fog
2017,Jan,17,T,2-T,Jan/17/2017,70652,54172,1035205,0.766744041,1219507,6.54 ,462,9.76,7.04,498,(2.72),1 ,-8%,66.8,70.0,50,0,2,1,1,0,0 
2017,Jan,18,W,3-W,Jan/18/2017,66499,49928,1085133,0.750808283,1286006,6.23 ,414,9.76,6.83,454,(2.93),1 ,-10%,59.4,69.1,36,0,2,0,2,0,0 
2017,Jan,19,Q,4-Q,Jan/19/2017,73478,53451,1138584,0.727442228,1359484,5.12 ,376,9.76,5.77,424,(3.99),1 ,-13%,61.2,66.3,47,0,3,0,3,0,0 
2017,Jan,20,F,5-F,Jan/20/2017,75972,57516,1196100,0.757068394,1435456,6.15 ,467,9.76,7.39,561,(2.37),1 ,-20%,71.0,71.2,49,0,6,1,5,0,West Coast ATC
2017,Jan,21,J,6-J,Jan/21/2017,56062,51020,1247120,0.910063858,1491518,9.22 ,517,9.76,10.28,576,0.52 ,0 ,-11%,70.8,68.1,57,3,1,1,0,0,PM WX
2017,Jan,22,S,7-S,Jan/22/2017,73701,61356,1308476,0.832498881,1565219,8.03 ,592,9.76,8.78,647,(0.98),1 ,-9%,72.1,69.5,63,0,0,0,0,0,High Winds/PM FIS south belt down.  North belt intermd from 15:45
2017,Jan,23,M,1-M,Jan/23/2017,75307,56280,1364756,0.747340885,1640526,6.89 ,519,9.76,7.70,580,(2.06),1 ,-12%,75.4,72.7,50,0,4,1,3,0,0 
2017,Jan,24,T,2-T,Jan/24/2017,61935,45427,1410183,0.733462501,1702461,3.52 ,218,9.76,3.81,236,(5.95),1 ,-8%,75.4,77.5,x,0,2,1,1,0,0 
2017,Jan,25,W,3-W,Jan/25/2017,66245,47466,1457649,0.716522002,1768706,4.09 ,271,9.76,4.19,278,(5.57),1 ,-3%,66.3,76.5,x,0,0,0,0,0,0 
2017,Jan,26,Q,4-Q,Jan/26/2017,75779,54449,1512098,0.718523602,1844485,3.88 ,294,9.76,4.09,310,(5.67),1 ,-5%,65.0,72.6,x,0,0,0,0,0,0 
2017,Jan,27,F,5-F,Jan/27/2017,77520,58499,1570597,0.754631063,1922005,5.82 ,451,9.76,6.30,488,(3.46),1 ,-8%,63.8,71.7,x,0,1,0,0,1,D belt issue @ 1530-16:45
2017,Jan,28,J,6-J,Jan/28/2017,53658,47765,1618362,0.890174811,1975663,6.82 ,366,9.76,7.32,393 ,(2.44),1 ,-7%,77.2,80.7,56,0,0,0,0,0,0 
2017,Jan,29,S,7-S,Jan/29/2017,72029,57005,1675367,0.791417346,2047692,5.39 ,388,9.76,5.76,415 ,(4.00),1 ,-7%,77.5,81.1,30,1,1,0,0,1,0 
2017,Jan,30,M,1-M,Jan/30/2017,70412,51762,1727129,0.735130376,2118104,4.22 ,297,9.76,4.69,331 ,(5.07),1 ,-11%,83.9,83.8,36,1,0,0,0,0,0 
2017,Jan,31,T,2-T,Jan/31/2017,60691,44873,1772002,0.739368275,2178795,4.00 ,243,9.76,4.34,263 ,(5.42),1 ,-8%,84.4,83.9,19,0,0,0,0,0,0 
2017,Feb,1,W,3-W,2/1/2017,65879,49558,49558,0.752257927,65879,4.37 ,288,7.53,4.73,311,(2.80),1 ,-8%,83.7,79.9,38,0,1,0,1,0,0 
2017,Feb,2,Q,4-Q,2/2/2017,73721,53712,103270,0.728584799,139600,4.90 ,361,7.53,5.25,387,(2.28),1 ,-7%,70.3,73.1,28,0,1,0,1,0,0 
2017,Feb,3,F,5-F,2/3/2017,75780,57442,160712,0.758010029,215380,4.21 ,319,7.53,4.50,341,(3.03),1 ,-7%,74.4,78.3,39,1,1,0,1,0,0 
2017,Feb,4,J,6-J,2/4/2017,56034,49207,209919,0.878163258,271414,4.68 ,262,7.53,5.55,311,(1.98),1 ,-19%,80.3,80.9,39,1,0,0,0,0,0 
2017,Feb,5,S,7-S,2/5/2017,68609,56356,266275,0.82140827,340023,6.11 ,419,7.53,6.40,439,(1.13),1 ,-5%,81.1,81.1,34,0,0,0,0,0,0 
2017,Feb,6,M,1-M,2/6/2017,78179,57737,324012,0.738523133,418202,5.56 ,435,7.53,6.13,479,(1.40),1 ,-10%,71.3,72.9,48,0,1,0,1,0,0 
2017,Feb,7,T,2-T,2/7/2017,64732,47313,371325,0.730905889,482934,3.83 ,248,7.53,3.96,256,(3.57),1 ,-3%,78.5,81.8,21,0,1,0,1,0,0 
2017,Feb,8,W,3-W,2/8/2017,67713,50027,421352,0.738809387,550647,4.30 ,291,7.53,4.75,322,(2.78),1 ,-11%,74.2,75.0,29,0,8,0,8,0,NE WX
2017,Feb,9,Q,4-Q,2/9/2017,76253,55904,477256,0.733138368,626900,4.00 ,305,7.53,5.21,398,(2.32),1 ,-30%,79.2,75.9,36,0,17,0,16,1,D bagroom issues/A high XFR line down/NE severe WX
2017,Feb,10,F,5-F,2/10/2017,83268,64963,542219,0.780167651,710168,5.10 ,425,7.53,5.48,456,(2.05),1 ,-7%,79.6,73.9,27,1,1,1,0,0,D south Belt@1800
2017,Feb,11,J,6-J,2/11/2017,59975,53453,595672,0.891254689,770143,9.17 ,550,7.53,9.42,565,1.89 ,0 ,-3%,81.9,72.1,42,0,1,0,0,1,0 
2017,Feb,12,S,7-S,2/12/2017,73743,59413,655085,0.805676471,843886,6.77 ,499,7.53,7.28,537,(0.25),1 ,-8%,72.3,60.6,22,0,4,0,4,0,0 
2017,Feb,13,M,1-M,2/13/2017,69466,51115,706200,0.735827599,913352,5.47 ,380,7.53,6.92,481,(0.61),1 ,-26%,77.2,79.4,42,0,2,1,1,0,PM DBR outage
2017,Feb,14,T,2-T,2/14/2017,59463,43676,749876,0.734507173,972815,3.90 ,232,7.53,6.07,361,(1.46),1 ,-56%,64.4,77.3,26,0,1,1,0,0,Autocode outage
2017,Feb,15,W,3-W,2/15/2017,75050,55964,805840,0.74568954,1047865,4.40 ,330,7.53,5.51,414,(2.02),1 ,-25%,77.2,79.1,20,0,0,0,0,0,Autocode otg/Bag INC error
2017,Feb,16,Q,4-Q,2/16/2017,81934,61387,867227,0.749224986,1129799,3.98 ,326,7.53,4.21,345,(3.32),1 ,-6%,72.4,74.2,42,0,0,0,0,0,0 
2017,Feb,17,F,5-F,2/17/2017,84179,63629,930856,0.755877357,1213978,6.59 ,555,7.53,7.36,619,(0.17),1 ,-12%,76.8,71.1,36,0,11,1,10,0,Terminal D CTX issues @530-730
2017,Feb,18,J,6-J,2/18/2017,68372,59893,990749,0.875987246,1282350,7.78 ,532,7.53,8.63,590,1.10 ,0 ,-11%,75.0,69.5,70,0,0,0,0,0,0 
2017,Feb,19,S,7-S,2/19/2017,73654,59311,1050060,0.805265159,1356004,6.57 ,484,7.53,7.19,530,(0.34),1 ,-9%,69.5,74.1,16,1,5,1,4,0,0 
2017,Feb,20,M,1-M,2/20/2017,81750,59958,1110018,0.733431193,1437754,5.06 ,414,7.53,5.68,464,(1.85),1 ,-12%,68.7,73.1,16,1,2,0,2,0,0 
2017,Feb,21,T,2-T,2/21/2017,75506,56194,1166212,0.744232246,1513260,3.96 ,299,7.53,4.22,319,(3.31),1 ,-7%,79.5,79.5,33,0,0,0,0,0,0 
2017,Feb,22,W,3-W,2/22/2017,74687,55379,1221591,0.741481115,1587947,3.90 ,291,7.53,3.96,296,(3.57),1 ,-2%,80.3,78.4,35,0,0,0,0,0,0 
2017,Feb,23,Q,4-Q,2/23/2017,80298,58104,1279695,0.723604573,1668245,4.18 ,336,7.53,4.32,347,(3.21),1 ,-3%,78.8,79.9,13,0,0,0,0,0,0 
2017,Feb,24,F,5-F,2/24/2017,82480,62860,1342555,0.762124151,1750725,6.09 ,502,7.53,6.57,542,(0.96),1 ,-8%,68.1,70.7,40,0,0,0,0,0,0 
2017,Feb,25,J,6-J,2/25/2017,66336,58194,1400749,0.877261216,1817061,10.42 ,691,7.53,11.22,744,3.69 ,0 ,-8%,75.8,73.6,31,0,1,0,1,0,High volume of INT arrivals Banks 5-7
2017,Feb,26,S,7-S,2/26/2017,80171,65356,1466105,0.815207494,1897232,7.22 ,579,7.53,7.69,617,0.16 ,0 ,-7%,63.9,66.4,42,0,0,0,0,0,PM Ramp closure 
2017,Feb,27,M,1-M,2/27/2017,76634,56858,1522963,0.741942219,1973866,7.92 ,607,7.53,8.43,646,0.90 ,0 ,-6%,62.4,71.7,38,0,0,0,0,0,DBR issues 17:30-19:30
2017,Feb,28,T,2-T,2/28/2017,71302,54026,1576989,0.757706656,2045168,6.94 ,495,7.53,7.54,538,0.01 ,0 ,-9%,63.7,72.3,32,0,2,0,2,0,DBR issues 17:00-19:00
2017,Mar,1,W,3-W,3/1/2017,76204,58727,58727,0.770655084,76204,5.63 ,429,7.40,6.09,464 ,(1.31),1 ,-8%,57.2,63.4,29,0,2,0,2,0,0 
2017,Mar,2,Q,4-Q,3/2/2017,81249,61948,120675,0.762446307,157453,5.22 ,424,7.40,5.52,448 ,(1.88),1 ,-6%,64.8,63.2,43,1,1,1,0,0,0 
2017,Mar,3,F,5-F,3/3/2017,83433,63054,183729,0.75574413,240886,5.71 ,476,7.40,6.05,504 ,(1.35),1 ,-6%,71.3,69.7,49,0,0,0,0,0,0 
2017,Mar,4,J,6-J,3/4/2017,70672,61083,244812,0.864316844,311558,7.91 ,559,7.40,8.74,617 ,1.34 ,0 ,-10%,74.7,74.3,33,0,4,4,0,0,0 
2017,Mar,5,S,7-S,3/5/2017,80641,64519,309331,0.800076884,392199,7.82 ,631,7.40,8.47,683 ,1.07 ,0 ,-8%,66.1,64.4,32,0,3,2,1,0,0 
2017,Mar,6,M,1-M,3/6/2017,77523,58336,367667,0.752499258,469722,5.34 ,414,7.40,5.93,460 ,(1.47),1 ,-11%,76.6,71.7,19,0,5,2,3,0,0 
2017,Mar,7,T,2-T,3/7/2017,70170,51255,418922,0.730440359,539892,5.14 ,361,7.40,5.53,388 ,(1.87),1 ,-7%,61.2,70.4,26,2,6,6,0,0,0 
2017,Mar,8,W,3-W,3/8/2017,78641,58495,477417,0.743823197,618533,2.98 ,234,7.40,3.75,295 ,(3.65),1 ,-26%,80.6,78.2,25,0,1,1,0,0,GRU bags 
2017,Mar,9,Q,4-Q,3/9/2017,86828,65515,542932,0.754537707,705361,3.96 ,344,7.40,4.57,397 ,(2.83),1 ,-15%,69.0,67.9,29,0,3,2,0,1,0 
2017,Mar,10,F,5-F,3/10/2017,89807,70241,613173,0.782132796,795168,5.77 ,518,7.40,6.44,578 ,(0.96),1 ,-12%,60.6,57.4,43,0,5,4,0,1,0 
2017,Mar,11,J,6-J,3/11/2017,79050,68429,681602,0.865641999,874218,8.74 ,691,7.40,9.81,775 ,2.41 ,0 ,-12%,66.3,55.0,25,1,6,1,4,1,A-SYS OUTAGE(0845-1130)
2017,Mar,12,S,7-S,3/12/2017,91186,71550,753152,0.784659926,965404,6.02 ,549,7.40,6.80,620 ,(0.60),1 ,-13%,64.5,61.4,44,0,6,1,5,0,0 
2017,Mar,13,M,1-M,3/13/2017,84773,67006,820158,0.79041676,1050177,6.28 ,532,7.40,7.37,625 ,(0.03),1 ,-17%,56.6,52.6,54,1,17,1,16,0,0 
2017,Mar,14,T,2-T,3/14/2017,74923,57328,877486,0.765158896,1125100,5.31 ,398,7.40,5.83,437 ,(1.57),1 ,-10%,68.7,66.9,33,0,31,0,31,0,NE Weather
2017,Mar,15,W,3-W,3/15/2017,79414,60943,938429,0.767408769,1204514,5.87 ,466,7.40,6.12,486 ,(1.28),1 ,-4%,73.1,64.6,40,1,5,1,4,0,0 
2017,Mar,16,Q,4-Q,3/16/2017,80116,60785,999214,0.758712367,1284630,4.54 ,364,7.40,5.86,470 ,(1.54),1 ,-29%,65.9,67.4,27,1,2,2,0,0,0 
2017,Mar,17,F,5-F,3/17/2017,73701,57200,1056414,0.776108872,1358331,6.50 ,479,7.40,7.09,523 ,(0.31),1 ,-9%,64.2,67.6,37,0,7,7,0,0,0 
2017,Mar,18,J,6-J,3/18/2017,62918,54602,1111016,0.867827967,1421249,6.44 ,405,7.40,7.48,471 ,0.08 ,0 ,-16%,75.1,72.6,19,0,1,0,0,1,0 
2017,Mar,19,S,7-S,3/19/2017,77339,59607,1170623,0.770723697,1498588,5.51 ,426,7.40,6.05,468 ,(1.35),1 ,-10%,76.9,74.2,33,0,7,4,0,3,0 
2017,Mar,20,M,1-M,3/20/2017,77752,59376,1229999,0.763658813,1576340,4.80 ,373,7.40,5.18,403 ,(2.22),1 ,-8%,73.1,68.9,37,0,3,1,0,2,APC machines down 15:15-17:15
2017,Mar,21,T,2-T,3/21/2017,72406,52761,1282760,0.728682706,1648746,4.61 ,334,7.40,5.04,365 ,(2.36),1 ,-9%,79.6,73.3,34,1,1,0,1,0,0 
2017,Mar,22,W,3-W,3/22/2017,76536,56396,1339156,0.736855859,1725282,5.45 ,417,7.40,5.75,440 ,(1.65),1 ,-6%,77.6,74.0,23,0,1,1,0,0,0 
2017,Mar,23,Q,4-Q,3/23/2017,80897,58135,1397291,0.718629863,1806179,4.47 ,362,7.40,4.51,365 ,(2.89),1 ,-1%,70.8,73.7,36,0,0,0,0,0,0 
2017,Mar,24,F,5-F,3/24/2017,81927,60899,1458190,0.743332479,1888106,8.42 ,690,7.40,9.09,745 ,1.69 ,0 ,-8%,42.4,45.6,45,3,2,2,0,0,Surrounding weather
2017,Mar,25,J,6-J,3/25/2017,72399,62663,1520853,0.865523004,1960505,7.25 ,525,7.40,8.05,583 ,0.65 ,0 ,-11%,72.6,66.1,31,1,1,1,0,0,0 
2017,Mar,26,S,7-S,3/26/2017,78764,61778,1582631,0.784343101,2039269,7.88 ,621,7.40,9.46,745 ,2.06 ,0 ,-20%,62.2,61.3,34,19,10,3,5,2,PM WX
2017,Mar,27,M,1-M,3/27/2017,80655,60973,1643604,0.755972971,2119924,5.81 ,469,7.40,6.30,508 ,(1.10),1 ,-8%,74.6,74.0,41,0,0,0,0,0,Recheck belt OTS 17:15
2017,Mar,28,T,2-T,3/28/2017,71363,51570,1695174,0.722643387,2191287,5.34 ,381,7.40,5.40,385 ,(2.00),1 ,-1%,67.6,68.8,39,1,7,0,7,0,0 
2017,Mar,29,W,3-W,3/29/2017,74198,54227,1749401,0.730841802,2265485,5.55 ,412,7.40,6.09,452 ,(1.31),1 ,-10%,62.0,65.1,42,0,3,0,3,0,0 
2017,Mar,30,Q,4-Q,3/30/2017,80140,58615,1808016,0.731407537,2345625,3.94 ,316,7.40,4.57,366 ,(2.83),1 ,-16%,66.6,64.7,44,0,4,4,0,0,0 
2017,Mar,31,F,5-F,3/31/2017,83336,64069,1872085,0.768803398,2428961,7.50 ,625,7.40,7.43,619 ,0.03 ,0 ,1%,70.2,66.0,30,1,4,2,1,1,0 
2017,Apr,1,J,6-J,4/1/2017,70517,62248,62248,0.882737496,70517,7.43 ,524,6.70,8.22,579 ,1.52 ,0 ,-11%,71.3,68.8,29,0,4,3,0,1,0 
2017,Apr,2,S,7-S,4/2/2017,74696,59094,121342,0.7911267,145213,19.55 ,1460,6.70,22.57,"1,686 ",15.87 ,0 ,-15%,21.1,15.9,82,2,48,8,37,3,LCL WEATHER/ A-BGRM BELT ISSUES
2017,Apr,3,M,1-M,4/3/2017,79381,60780,182122,0.765674406,224594,7.75 ,615,6.70,8.75,695 ,2.05 ,0 ,-13%,65.0,58.8,40,0,9,5,1,3,Ruboff
2017,Apr,4,T,2-T,4/4/2017,71228,52846,234968,0.741927332,295822,5.87 ,418,6.70,6.18,440 ,(0.52),1 ,-5%,64.9,70.1,34,0,0,0,0,0,0 
2017,Apr,5,W,3-W,4/5/2017,75160,55335,290303,0.736229377,370982,5.12 ,385,6.70,5.87,441 ,(0.83),1 ,-15%,67.4,63.5,30,0,2,0,1,1,0 
2017,Apr,6,Q,4-Q,4/6/2017,80557,59110,349413,0.733766153,451539,5.46 ,440,6.70,5.96,480 ,(0.74),1 ,-9%,65.4,57.8,51,0,12,7,4,1,0 
2017,Apr,7,F,5-F,4/7/2017,84337,63348,412761,0.751129398,535876,6.21 ,524,6.70,6.90,582 ,0.20 ,0 ,-11%,73.4,63.8,33,0,4,3,1,0,0 
2017,Apr,8,J,6-J,4/8/2017,67328,57846,470607,0.859167063,603204,6.28 ,423,6.70,6.91,465 ,0.21 ,0 ,-10%,85.0,78.0,44,0,1,1,0,0,0 
2017,Apr,9,S,7-S,4/9/2017,78876,61945,532552,0.78534662,682080,5.15 ,406,6.70,5.64,445 ,(1.06),1 ,-10%,86.0,77.8,37,0,5,1,0,4,0 
2017,Apr,10,M,1-M,4/10/2017,76450,54509,587061,0.713001962,758530,8.75 ,669,6.70,10.17,777 ,3.47 ,0 ,-16%,51.3,48.5,60,4,20,2,18,0,WX/Multiple Ramp closures
2017,Apr,11,T,2-T,4/11/2017,70615,52260,639321,0.74006939,829145,5.91 ,417,6.70,6.43,454 ,(0.27),1 ,-9%,59.7,63.1,45,2,6,2,4,0,WX West TX
2017,Apr,12,W,3-W,4/12/2017,75481,54199,693520,0.718048251,904626,3.60 ,272,6.70,3.76,284 ,(2.94),1 ,-4%,79.4,73.5,43,0,3,0,0,0,0 
2017,Apr,13,Q,4-Q,4/13/2017,83142,57526,751046,0.691900604,987768,3.07 ,255,6.70,3.37,280 ,(3.33),1 ,-10%,80.4,74.5,32,0,1,1,0,0,0 
2017,Apr,14,F,5-F,4/14/2017,77902,56871,807917,0.730032605,1065670,4.15 ,323,6.70,4.49,350 ,(2.21),1 ,-8%,85.3,78.3,38,0,5,4,0,1,0 
2017,Apr,15,J,6-J,4/15/2017,58506,48895,856812,0.83572625,1124176,4.48 ,262,6.70,5.12,299 ,(1.58),1 ,-14%,87.8,86.5,10,1,0,0,0,0,0 
2017,Apr,16,S,7-S,4/16/2017,69580,51168,907980,0.735383731,1193756,4.01 ,279,6.70,4.39,306 ,(2.31),1 ,-10%,83.5,78.7,30,0,3,3,0,0,0 
2017,Apr,17,M,1-M,4/17/2017,70139,50280,958260,0.716862231,1263895,13.52 ,948,6.70,16.37,"1,148 ",9.67 ,0 ,-21%,27.3,34.1,67,28,89,3,84,2,WX/Multiple Ramp closures
2017,Apr,18,T,2-T,4/18/2017,79855,60920,1019180,0.762882725,1343750,5.13 ,410,6.70,5.66,452 ,(1.04),1 ,-10%,74.6,71.2,35,0,2,2,0,0,0 
2017,Apr,19,W,3-W,4/19/2017,78354,56757,1075937,0.724366337,1422104,3.48 ,273,6.70,3.96,310 ,(2.74),1 ,-14%,79.8,73.7,30,0,0,0,0,0,ORD WX and ground stops
2017,Apr,20,Q,4-Q,4/20/2017,81198,56970,1132907,0.701618266,1503302,6.40 ,520,6.70,6.90,560 ,0.20 ,0 ,-8%,49.6,71.3,26,0,5,2,2,1,TSA CTX power outage 10a-12:30p
2017,Apr,21,F,5-F,4/21/2017,81661,59999,1192906,0.734732614,1584963,7.47 ,610,6.70,8.15,666 ,1.45 ,0 ,-9%,62.6,66.0,48,1,3,2,0,1,Terminal C belt system
2017,Apr,22,J,6-J,4/22/2017,69258,58339,1251245,0.842343123,1654221,6.09 ,422,6.70,6.59,457 ,(0.11),1 ,-8%,77.5,73.1,27,1,1,0,0,1,0 
2017,Apr,23,S,7-S,4/23/2017,81372,62496,1313741,0.768028314,1735593,4.74 ,386,6.70,5.25,427 ,(1.45),1 ,-11%,83.1,73.5,33,0,1,0,1,0,0 
2017,Apr,24,M,1-M,4/24/2017,81226,59463,1373204,0.732068549,1816819,4.25 ,345,6.70,4.57,371 ,(2.13),1 ,-8%,80.1,70.7,40,0,1,0,1,0,0 
2017,Apr,25,T,2-T,4/25/2017,73194,53096,1426300,0.725414651,1890013,3.42 ,250,6.70,3.64,267 ,(3.06),1 ,-7%,86.5,77.6,71,0,1,1,0,0,0 
2017,Apr,26,W,3-W,4/26/2017,73555,53312,1479612,0.724790973,1963568,8.43 ,620,6.70,9.59,705 ,2.89 ,0 ,-14%,25.7,27.9,225,8,17,5,12,0,AM WX/Ramp closure
2017,Apr,27,Q,4-Q,4/27/2017,82783,60200,1539812,0.727202445,2046351,5.01 ,415,6.70,5.27,436 ,(1.43),1 ,-5%,69.7,67.6,20,0,0,0,0,0,0 
2017,Apr,28,F,5-F,4/28/2017,82874,62442,1602254,0.753457055,2129225,4.26 ,353,6.70,4.89,405 ,(1.81),1 ,-15%,66.7,69.1,44,0,2,2,0,0,0 
2017,Apr,29,J,6-J,4/29/2017,53780,46050,1648304,0.85626627,2183005,10.10 ,543,6.70,13.13,706 ,6.43 ,0 ,-30%,47.5,49.1,30,2,121,0,91,29,LCL WEATHER
2017,Apr,30,S,7-S,4/30/2017,72147,55924,1704228,0.775139645,2255152,16.84 ,1215,6.70,23.01,"1,660 ",16.31 ,0 ,-37%,19.9,26.9,84,1,88,0,56,32,High winds
2017,May,1,M,1-M,5/1/2017,79709,63329,63329,0.794502503,79709,7.35 ,586,7.25,8.33,664,1.08 ,0 ,-13%,66.5,61.8,44,0,10,2,4,4,0 
2017,May,2,T,2-T,5/2/2017,69256,51979,115308,0.75053425,148965,4.56 ,316,7.25,4.91,340,(2.34),1 ,-8%,79.2,77.6,28,0,5,1,0,4,0 
2017,May,3,W,3-W,5/3/2017,71160,52172,167480,0.733164699,220125,8.04 ,572,7.25,9.03,642 ,1.78 ,0 ,-12%,37.5,46.3,42,0,21,1,17,3,Mid-morning thru PM Tstorms in DFW/Surrounding area
2017,May,4,Q,4-Q,5/4/2017,80963,58451,225931,0.721947062,301088,6.60 ,534,7.25,7.32,593 ,0.07 ,0 ,-11%,69.1,67.8,43,1,2,1,1,0,B belt system fail all day
2017,May,5,F,5-F,5/5/2017,82333,59711,285642,0.725237754,383421,5.17 ,426,7.25,5.82,479 ,(1.43),1 ,-12%,72.7,67.3,28,0,7,6,0,1,0 
2017,May,6,J,6-J,5/6/2017,66541,57066,342708,0.857606588,449962,6.09 ,405,7.25,6.77,451 ,(0.48),1 ,-11%,82.9,73.5,41,0,2,0,0,2,C-belt system 1020-1110
2017,May,7,S,7-S,5/7/2017,80429,62594,405302,0.778251626,530391,4.67 ,376,7.25,5.30,426 ,(1.95),1 ,-13%,77.3,72.5,37,0,3,0,0,3,0 
2017,May,8,M,1-M,5/8/2017,78507,51322,456624,0.653725146,608898,3.67 ,288,7.25,3.96,311 ,(3.29),1 ,-8%,83.6,77.5,32,0,2,1,0,1,0 
2017,May,9,T,2-T,5/9/2017,72769,52913,509537,0.727136555,681667,3.56 ,259,7.25,4.88,355 ,(2.37),1 ,-37%,79.5,79.0,38,0,1,1,0,0,0 
2017,May,10,W,3-W,5/10/2017,76938,56487,566024,0.734188567,758605,4.33 ,333,7.25,4.70,361 ,(2.55),1 ,-9%,59.3,67.0,25,0,0,0,0,0,0 
2017,May,11,Q,4-Q,5/11/2017,82392,58711,624735,0.712581319,840997,4.96 ,409,7.25,5.73,472 ,(1.52),1 ,-15%,48.0,52.8,47,0,7,1,5,1,WX surrounding DFW area
2017,May,12,F,5-F,5/12/2017,86635,65487,690222,0.755895423,927632,5.64 ,489,7.25,6.43,557 ,(0.82),1 ,-14%,69.0,65.9,45,0,5,5,0,0,0 
2017,May,13,J,6-J,5/13/2017,70732,60977,751199,0.862085053,998364,4.99 ,353,7.25,5.56,393 ,(1.69),1 ,-11%,85.8,79.2,30,1,1,1,0,0,0 
2017,May,14,S,7-S,5/14/2017,80531,62373,813572,0.774521613,1078895,3.94 ,317,7.25,4.40,354 ,(2.85),1 ,-12%,85.4,76.0,27,0,2,2,0,0,0 
2017,May,15,M,1-M,5/15/2017,84718,63156,876728,0.745485021,1163613,3.56 ,302,7.25,3.82,323 ,(3.43),1 ,-7%,82.3,75.1,35,0,0,0,0,0,0 
2017,May,16,T,2-T,5/16/2017,75648,55033,931761,0.727487838,1239261,3.15 ,238,7.25,3.37,255 ,(3.88),1 ,-7%,80.3,77.4,25,1,1,0,1,0,0 
2017,May,17,W,3-W,5/17/2017,80563,59671,991432,0.740675,1319824,4.93 ,397,7.25,5.66,456 ,(1.59),1 ,-15%,71.4,70.9,20,0,1,1,0,0,0 
2017,May,18,Q,4-Q,5/18/2017,76298,55454,1046886,0.726808042,1396122,4.26 ,325,7.25,5.88,449 ,(1.37),1 ,-38%,67.1,68.1,37,1,93,0,73,20,DFW Weather
2017,May,19,F,5-F,5/19/2017,85890,65655,1112541,0.764407964,1482012,7.60 ,653,7.25,9.11,783 ,1.86 ,0 ,-20%,46.1,44.8,35,1,7,4,3,0,Weather around DFW/spill over from previous day
2017,May,20,J,6-J,5/20/2017,73606,63427,1175968,0.861709643,1555618,5.22 ,384,7.25,7.49,551 ,0.24 ,0 ,-44%,54.3,55.7,39,1,1,0,0,2,OPA NOT UPDATED-ESTIMATE FROM TRCRS LIST
2017,May,21,S,7-S,5/21/2017,80593,62897,1238865,0.780427581,1636211,8.13 ,655,7.25,9.71,783 ,2.46 ,0 ,-19%,46.7,44.5,55,4,3,1,0,2,LCL WX
2017,May,22,M,1-M,5/22/2017,83212,61775,1300640,0.742380907,1719423,4.06 ,338,7.25,4.48,373 ,(2.77),1 ,-10%,65.1,59.6,27,0,2,0,0,2,0 
2017,May,23,T,2-T,5/23/2017,78006,57392,1358032,0.735738277,1797429,4.12 ,321,7.25,4.53,354 ,(2.72),1 ,-10%,54.2,63.4,27,2,0,0,0,0,LCL AM WX
2017,May,24,W,3-W,5/24/2017,83131,62161,1420193,0.747747531,1880560,4.29 ,357,7.25,4.74,394 ,(2.51),1 ,-10%,66.8,66.2,30,0,1,0,1,0,0 
2017,May,25,Q,4-Q,5/25/2017,88346,63964,1484157,0.724016933,1968906,4.27 ,377,7.25,4.96,438 ,(2.29),1 ,-16%,69.2,63.5,36,0,2,0,2,0,0 
2017,May,26,F,5-F,5/26/2017,91640,69915,1554072,0.762931034,2060546,5.03 ,461,7.25,5.45,499 ,(1.80),1 ,-8%,71.4,66.4,29,0,5,0,5,0,0 
2017,May,27,J,6-J,5/27/2017,73567,59999,1614071,0.815569481,2134113,5.23 ,385,7.25,5.67,417 ,(1.58),1 ,-8%,77.2,73.0,37,0,0,0,0,0,0 
2017,May,28,S,7-S,5/28/2017,66326,52765,1666836,0.79554021,2200439,6.60 ,438,7.25,7.17,476 ,(0.08),1 ,-9%,65.5,66.1,34,2,3,0,2,1,Surrounding WX
2017,May,29,M,1-M,5/29/2017,76598,57878,1724714,0.755607196,2277037,5.54 ,424,7.25,5.98,458 ,(1.27),1 ,-8%,76.7,72.7,19,0,0,0,0,0,0 
2017,May,30,T,2-T,5/30/2017,79692,59036,1783750,0.740802088,2356729,4.03 ,321,7.25,4.33,345 ,(2.92),1 ,-7%,72.1,67.3,29,0,1,1,0,0,0 
2017,May,31,W,3-W,5/31/2017,77406,59629,1843379,0.7703408,2434135,4.84 ,375,7.25,5.35,414 ,(1.90),1 ,-11%,69.3,69.6,18,1,0,0,0,0,Surrounding WX
2017,Jun,1,Q,4-Q,6/1/2017,70399,52101,52101,0.740081535,70399,7.50 ,528,9.03,8.43,593 ,(0.60),1 ,-12%,29.3,35.7,36,4,24,4,19,0,DFW weather and Ramp Closures
2017,Jun,2,F,5-F,6/2/2017,63374,43243,95344,0.682346073,133773,9.59 ,608,9.03,19.97,"1,266 ",10.94 ,0 ,-108%,27.9,37.2,31,41,208,1,134,73,DFW weather and Ramp Closures
2017,Jun,3,J,6-J,6/3/2017,79957,71989,167333,0.900346436,213730,19.67 ,1573,9.03,22.54,"1,802 ",13.51 ,0 ,-15%,31.0,25.0,65,0,36,4,21,10,"DFW WEATHER, C3 & CURB BELTS(6:00-06:45), D SYS(16:00-19:30)"
2017,Jun,4,S,7-S,6/4/2017,84871,67806,235139,0.798930141,298601,9.69 ,822,9.03,12.20,"1,035 ",3.17 ,0 ,-26%,41.1,41.2,36,11,45,2,37,6,DFW WEATHER
2017,Jun,5,M,1-M,6/5/2017,85108,65521,300660,0.769857123,383709,7.52 ,640,9.03,8.54,727 ,(0.49),1 ,-14%,41.9,41.9,29,0,24,6,15,3,0 
2017,Jun,6,T,2-T,6/6/2017,83435,61485,362145,0.736920956,467144,4.21 ,351,9.03,4.86,406 ,(4.17),1 ,-16%,66.0,62.2,31,0,1,0,1,0,0 
2017,Jun,7,W,3-W,6/7/2017,86314,63702,425847,0.738026276,553458,4.02 ,347,9.03,4.54,392 ,(4.49),1 ,-13%,71.2,64.8,35,1,3,2,1,0,0 
2017,Jun,8,Q,4-Q,6/8/2017,89229,65223,491070,0.730961907,642687,4.63 ,413,9.03,5.23,467 ,(3.80),1 ,-13%,75.8,64.9,30,0,3,2,1,0,0 
2017,Jun,9,F,5-F,6/9/2017,84990,63519,554589,0.747370279,727677,12.54 ,1066,9.03,13.94,"1,184 ",4.91 ,0 ,-11%,25.7,22.1,54,11,34,0,30,4,A.M. DFW weather/ramp closed 6:48-7:40am & 7:54-8:16
2017,Jun,10,J,6-J,6/10/2017,82795,72018,626607,0.869835135,810472,7.15 ,592,9.03,7.66,634 ,(1.37),1 ,-7%,68.9,65.0,39,0,4,0,2,2,Terminal CTX failure at 9am
2017,Jun,11,S,7-S,6/11/2017,86948,68877,695484,0.792163132,897420,6.35 ,552,9.03,7.17,624 ,(1.86),1 ,-13%,69.6,67.4,27,0,0,0,0,0,0 
2017,Jun,12,M,1-M,6/12/2017,85153,62688,758172,0.736180757,982573,5.41 ,461,9.03,5.85,498 ,(3.18),1 ,-8%,73.4,75.2,36,1,0,0,0,0,0 
2017,Jun,13,T,2-T,6/13/2017,78748,57096,815268,0.725046985,1061321,4.67 ,368,9.03,5.03,396 ,(4.00),1 ,-8%,70.9,73.4,32,1,2,1,0,1,0 
2017,Jun,14,W,3-W,6/14/2017,85141,61559,876827,0.72302416,1146462,5.67 ,483,9.03,6.37,543 ,(2.66),1 ,-12%,66.6,61.8,40,0,7,5,1,1,A BGRM belt system 
2017,Jun,15,Q,4-Q,6/15/2017,88014,64879,941706,0.737144091,1234476,6.36 ,560,9.03,7.41,652 ,(1.62),1 ,-16%,55.5,56.1,52,0,11,8,2,1,15min C bag sys
2017,Jun,16,F,5-F,6/16/2017,90498,69109,1010815,0.763652235,1324974,7.11 ,643,9.03,7.61,689 ,(1.42),1 ,-7%,63.6,56.9,50,0,3,2,1,0,0 
2017,Jun,17,J,6-J,6/17/2017,82238,72165,1082980,0.877514045,1407212,9.02 ,742,9.03,10.09,830 ,1.06 ,0 ,-12%,64.6,62.4,21,0,3,2,0,1,"D SYS, MAXI 1 & 16(1750-2010)"
2017,Jun,18,S,7-S,6/18/2017,82993,65546,1148526,0.789777451,1490205,6.57 ,545,9.03,10.12,840 ,1.09 ,0 ,-54%,59.8,63.4,43,0,12,10,0,2,Autocoder down
2017,Jun,19,M,1-M,6/19/2017,76926,56558,1205084,0.735226061,1567131,14.55 ,1119,9.03,17.69,"1,361 ",8.66 ,0 ,-22%,13.4,17.2,91,2,70,2,45,23,AM ramp closures
2017,Jun,20,T,2-T,6/20/2017,86840,65271,1270355,0.751623676,1653971,6.40 ,556,9.03,7.00,607 ,(2.03),1 ,-9%,68.9,67.5,30,0,0,0,0,0,0 
2017,Jun,21,W,3-W,6/21/2017,86784,64842,1335197,0.747165376,1740755,5.91 ,513,9.03,6.31,547 ,(2.72),1 ,-7%,70.8,69.0,18,0,2,0,0,2,AM A Terminal pwr outage
2017,Jun,22,Q,4-Q,6/22/2017,89410,65493,1400690,0.732501957,1830165,4.26 ,381,9.03,4.55,406 ,(4.48),1 ,-7%,61.2,67.8,16,0,2,1,1,0,Tropical Storm Cindy
2017,Jun,23,F,5-F,6/23/2017,90569,69324,1470014,0.765427464,1920734,5.36 ,485,9.03,6.20,562 ,(2.83),1 ,-16%,59.2,58.1,16,1,1,1,0,0,0 
2017,Jun,24,J,6-J,6/24/2017,77244,65085,1535099,0.842589716,1997978,17.55 ,1356,9.03,19.77,"1,527 ",10.74 ,0 ,-13%,17.6,17.3,16,8,22,5,12,5,LCL WEATHER/PRIME&GET INOP19:00-/MU3-DBGRM15:59-17:31
2017,Jun,25,S,7-S,6/25/2017,88806,69644,1604743,0.784226291,2086784,7.62 ,677,9.03,8.52,757 ,(0.51),1 ,-12%,68.2,58.0,16,0,2,0,2,0,0 
2017,Jun,26,M,1-M,6/26/2017,89428,66629,1671372,0.745057476,2176212,4.91 ,439,9.03,5.41,484 ,(3.62),1 ,-10%,62.9,64.7,16,0,1,0,0,1,0 
2017,Jun,27,T,2-T,6/27/2017,81191,59256,1730628,0.729834588,2257403,7.72 ,627,9.03,8.65,702 ,(0.38),1 ,-12%,47.3,45.6,16,15,12,3,9,0,DFW weather and Ramp Closures
2017,Jun,28,W,3-W,6/28/2017,89173,68114,1798742,0.763841073,2346576,5.67 ,506,9.03,5.65,504 ,(3.38),1 ,0%,72.3,67.7,16,0,0,0,0,0,0 
2017,Jun,29,Q,4-Q,6/29/2017,92379,70134,1868876,0.759198519,2438955,5.34 ,493,9.03,5.71,528 ,(3.32),1 ,-7%,65.5,65.0,41,0,1,1,0,0,A Terminal CTX until 730am
2017,Jun,30,F,5-F,6/30/2017,94538,72506,1941382,0.766950856,2533493,8.23 ,778,9.03,9.69,916 ,0.66 ,0 ,-18%,54.3,52.5,63,1,8,3,2,3,Flex Flying
2017,Jul,1,J,6-J,7/1/2017,90602,77146,77146,0.851482307,90602,12.53 ,1135,8.15,14.06,1274,5.91 ,0 ,-12%,37.2,21.3,78,0,5,1,0,1," AM WX/RAMP CLOSURES, D BRM MAXI JAM (17:30-1900)"
2017,Jul,2,S,7-S,7/2/2017,83802,68632,145778,0.818978067,174404,7.09 ,594,8.15,7.73,648,(0.42),1 ,-9%,70.4,65.4,30,0,4,3,0,1,0 
2017,Jul,3,M,1-M,7/3/2017,66477,51841,197619,0.779833627,240881,4.62 ,307,8.15,4.97,330 ,(3.18),1 ,-8%,77.4,78.3,26,0,0,0,0,0,0 
2017,Jul,4,T,2-T,7/4/2017,65895,48231,245850,0.731937173,306776,4.13 ,272,8.15,4.59,303 ,(3.56),1 ,-11%,72.3,78.0,24,2,1,1,0,0,Early AM WX
2017,Jul,5,W,3-W,7/5/2017,72634,54141,299991,0.745394719,379410,7.67 ,557,8.15,10.97,797 ,2.82 ,0 ,-43%,40.3,48.3,31,22,68,0,63,5,PM WX w/lengthy ramp closures
2017,Jul,6,Q,4-Q,7/6/2017,77034,60445,360436,0.78465353,456444,12.67 ,976,8.15,14.14,"1,089 ",5.99 ,0 ,-12%,42.1,39.7,54,16,32,2,28,2,PM WX w/ramp closures
2017,Jul,7,F,5-F,7/7/2017,79807,59187,419623,0.741626674,536251,5.56 ,444,8.15,5.96,475 ,(2.19),1 ,-7%,66.4,64.0,44,1,1,1,0,0,hand signals in PM/RG D bgrm in PM issues
2017,Jul,8,J,6-J,7/8/2017,74367,63127,482750,0.848857692,610618,10.03 ,746,8.15,11.37,846 ,3.22 ,0 ,-13%,48.4,43.3,54,24,23,1,21,1,PM wx/ramp closed 17:15-18:11
2017,Jul,9,S,7-S,7/9/2017,85849,67762,550512,0.789316125,696467,11.92 ,1023,8.15,12.86,"1,104 ",4.71 ,0 ,-8%,43.0,49.9,37,5,21,2,19,0,Afternoon surrounding WX
2017,Jul,10,M,1-M,7/10/2017,88958,67268,617780,0.756177072,785425,7.66 ,681,8.15,7.91,704 ,(0.24),1 ,-3%,66.2,60.9,46,0,10,4,6,0,PM DCA Region outage
2017,Jul,11,T,2-T,7/11/2017,82828,62228,680008,0.751291834,868253,5.51 ,456,8.15,6.05,501 ,(2.10),1 ,-10%,71.5,68.6,NA,0,1,1,0,0,0 
2017,Jul,12,W,3-W,7/12/2017,86256,64307,744315,0.745536542,954509,5.75 ,496,8.15,6.48,559 ,(1.67),1 ,-13%,64.8,58.8,41,0,6,2,4,0,0 
2017,Jul,13,Q,4-Q,7/13/2017,89412,65173,809488,0.728906634,1043921,5.42 ,485,8.15,5.99,536 ,(2.16),1 ,-10%,64.6,60.0,27,0,8,3,5,0,a.m. ABGRM 805-830
2017,Jul,14,F,5-F,7/14/2017,90346,67248,876736,0.744338432,1134267,8.38 ,757,8.15,9.32,842 ,1.17 ,0 ,-11%,47.0,51.3,39,1,7,4,2,1,DBGRM not reading BSMs-all day/C a.m. ato 
2017,Jul,15,J,6-J,7/15/2017,83098,71260,947996,0.857541698,1217365,13.44 ,1117,8.15,14.41,"1,198 ",6.26 ,0 ,-7%,47.9,45.3,29,0,4,1,3,0,"LCL WX-AM,DBGRM RECHECK ISSUES 1728-1920"
2017,Jul,16,S,7-S,7/16/2017,88613,70420,1018416,0.794691524,1305978,8.70 ,771,8.15,9.78,867 ,1.63 ,0 ,-12%,57.4,62.0,38,0,7,6,0,1,0 
2017,Jul,17,M,1-M,7/17/2017,87561,64258,1082674,0.733865534,1393539,5.47 ,479,8.15,5.88,515 ,(2.27),1 ,-7%,70.0,62.3,31,1,3,2,0,1,0 
2017,Jul,18,T,2-T,7/18/2017,84243,61354,1144028,0.7282979,1477782,5.21 ,439,8.15,5.88,495 ,(2.27),1 ,-13%,71.7,67.6,N/A,0,1,1,0,0,0 
2017,Jul,19,W,3-W,7/19/2017,85540,62199,1206227,0.727133505,1563322,6.71 ,574,8.15,7.16,612 ,(0.99),1 ,-7%,73.7,67.5,47,0,1,1,0,0,DBR jams starting @17:00
2017,Jul,20,Q,4-Q,7/20/2017,90083,65284,1271511,0.724709435,1653405,5.52 ,497,8.15,5.73,517 ,(2.42),1 ,-4%,68.1,59.7,38,0,3,0,0,0,0 
2017,Jul,21,F,5-F,7/21/2017,90782,67649,1339160,0.745180763,1744187,6.42 ,583,8.15,7.12,646 ,(1.03),1 ,-11%,70.9,59.6,47,0,7,4,2,1,A3 ticket couter in the PM with issues
2017,Jul,22,J,6-J,7/22/2017,82815,71661,1410821,0.865314255,1827002,8.46 ,701,8.15,9.44,782 ,1.29 ,0 ,-12%,69.8,59.8,30,0,8,7,0,1,0 
2017,Jul,23,S,7-S,7/23/2017,84173,67794,1478615,0.805412662,1911175,7.56 ,636,8.15,9.16,771 ,1.01 ,0 ,-21%,56.2,54.0,68,21,20,4,14,2,Flex flying/Overnight WX w/ramp closures
2017,Jul,24,M,1-M,7/24/2017,84950,63292,1541907,0.745050029,1996125,14.34 ,1218,8.15,15.96,"1,356 ",7.81 ,0 ,-11%,57.0,59.2,69,0,9,0,9,0,Ruboff from flex and overnight WX/B bagroom OTS 0800-1100
2017,Jul,25,T,2-T,7/25/2017,83782,62808,1604715,0.749659831,2079907,5.90 ,494,8.15,6.36,533 ,(1.79),1 ,-8%,68.9,64.8,21,2,5,3,0,2,0 
2017,Jul,26,W,3-W,7/26/2017,86114,63418,1668133,0.73644239,2166021,5.78 ,498,8.15,6.33,545 ,(1.82),1 ,-10%,73.0,67.5,40,0,1,1,0,0,0 
2017,Jul,27,Q,4-Q,7/27/2017,88815,65025,1733158,0.732139841,2254836,6.65 ,591,8.15,7.07,628 ,(1.08),1 ,-6%,70.4,65.5,30,0,9,8,0,1,0 
2017,Jul,28,F,5-F,7/28/2017,89754,67682,1800840,0.754083383,2344590,6.50 ,583,8.15,7.17,643 ,(0.98),1 ,-10%,61.0,54.5,39,1,8,7,1,0,0 
2017,Jul,29,J,6-J,7/29/2017,80699,68628,1869468,0.85041946,2425289,8.38 ,676,8.15,9.19,741 ,1.04 ,0 ,-10%,66.4,60.0,34,2,8,8,0,0,D BGRM RECHECK BELT ISSUES
2017,Jul,30,S,7-S,7/30/2017,84330,66608,1936076,0.789849401,2509619,6.84 ,577,8.15,7.03,593 ,(1.12),1 ,-3%,69.9,67.5,36,0,8,8,0,0,Flex flying
2017,Jul,31,M,1-M,7/31/2017,85448,65759,2001835,0.769579159,2595067,5.43 ,464,8.15,6.25,534 ,(1.90),1 ,-15%,78.8,69.5,23,0,8,7,0,1,0 
2017,Aug,1,T,2-T,8/1/2017,81286,62269,62269,0.766048274,81286,5.86 ,476,9.02,6.35,516,(2.67),1 ,-8%,74.0,68.5,33,0,6,5,0,1,0 
2017,Aug,2,W,3-W,8/2/2017,81590,59924,122193,0.734452752,162876,10.33 ,843,9.02,11.50,939,2.48 ,0 ,-11%,57.1,59.8,36,1,10,3,4,2,"AM Power surge, CBR offline until afternoon/DBR PM jams"
2017,Aug,3,Q,4-Q,8/3/2017,89275,66640,188833,0.746457575,252151,7.38 ,659,9.02,7.88,704 ,(1.14),1 ,-7%,61.3,56.4,46,1,11,8,1,2,0 
2017,Aug,4,F,5-F,8/4/2017,91791,68678,257511,0.748199715,343942,7.56 ,694,9.02,8.89,816 ,(0.13),1 ,-18%,57.7,57.3,36,0,4,3,1,0,0 
2017,Aug,5,J,6-J,8/5/2017,80041,68395,325906,0.854499569,423983,8.17 ,654,9.02,9.05,724 ,0.03 ,0 ,-11%,69.4,62.2,21,0,4,1,1,2,0 
2017,Aug,6,S,7-S,8/6/2017,81058,64331,390237,0.79364159,505041,11.53 ,935,9.02,13.26,"1,075 ",4.24 ,0 ,-15%,48.1,53.9,38,0,46,0,45,1,Late surrounding WX
2017,Aug,7,M,1-M,8/7/2017,83091,62092,452329,0.747277082,588132,8.91 ,740,9.02,10.11,840 ,1.09 ,0 ,-14%,40.3,48.1,38,6,36,4,31,1,Surrounding WX
2017,Aug,8,T,2-T,8/8/2017,80534,59887,512216,0.743623811,668666,5.67 ,457,9.02,6.12,493 ,(2.90),1 ,-8%,63.2,68.8,25,0,3,3,0,0,0 
2017,Aug,9,W,3-W,8/9/2017,79888,57576,569792,0.720708993,748554,6.03 ,482,9.02,6.77,541 ,(2.25),1 ,-12%,75.1,69.2,27,0,5,4,1,0,0 
2017,Aug,10,Q,4-Q,8/10/2017,86980,63177,632969,0.726339388,835534,5.14 ,447,9.02,5.61,488 ,(3.41),1 ,-9%,67.0,68.6,18,0,5,4,0,1,0 
2017,Aug,11,F,5-F,8/11/2017,88771,66574,699543,0.749952124,924305,8.48 ,753,9.02,9.23,819 ,0.21 ,0 ,-9%,54.5,58.4,33,0,8,1,0,7,D Recheck belt intermittent 18:30-20:30
2017,Aug,12,J,6-J,8/12/2017,71031,60588,760131,0.852979685,995336,10.23 ,727,9.02,13.58,964 ,4.56 ,0 ,-33%,54.4,58.3,22,32,43,1,36,6,"Midday weather/PM ramp closure, diversions/CXLD at 16:30"
2017,Aug,13,S,7-S,8/13/2017,84734,67573,827704,0.797472089,1080070,11.80 ,1000,9.02,12.92,"1,095 ",3.90 ,0 ,-9%,51.1,51.3,38,0,13,3,4,6,Ruboff/2500+ bags leftover
2017,Aug,14,M,1-M,8/14/2017,78059,56188,883892,0.719814499,1158129,9.06 ,707,9.02,10.10,789 ,1.08 ,0 ,-12%,38.4,37.6,56,10,24,4,19,1,AM WX/Ramp closed 0558-0636
2017,Aug,15,T,2-T,8/15/2017,77990,58044,941936,0.744249263,1236119,5.48 ,427,9.02,6.11,476 ,(2.91),1 ,-12%,67.9,65.1,23,1,5,2,0,3,0 
2017,Aug,16,W,3-W,8/16/2017,79337,58692,1000628,0.739780934,1315456,6.15 ,488,9.02,6.88,546 ,(2.14),1 ,-12%,69.4,71.9,23,0,1,1,0,0,0 
2017,Aug,17,Q,4-Q,8/17/2017,82676,59601,1060229,0.720898447,1398132,8.43 ,697,9.02,9.26,766 ,0.24 ,0 ,-10%,35.2,33.0,40,6,6,3,2,1,AM WX/Ramp closed 0525-0631/PM area WX
2017,Aug,18,F,5-F,8/18/2017,85153,62803,1123032,0.737531267,1483285,8.57 ,730,9.02,10.04,855 ,1.02 ,0 ,-17%,44.7,48.7,40,1,7,1,6,0,IRROP due to WX across the system/DFW GDP
2017,Aug,19,J,6-J,8/19/2017,75527,64771,1187803,0.857587353,1558812,8.09 ,611,9.02,9.18,694 ,0.16 ,0 ,-14%,73.2,69.8,17,2,1,1,0,0,RECHECK BELT ISSUES-BANK 7
2017,Aug,20,S,7-S,8/20/2017,83029,65485,1253288,0.788700334,1641841,6.83 ,567,9.02,7.61,632 ,(1.41),1 ,-11%,76.2,67.8,36,1,1,1,0,0,0 
2017,Aug,21,M,1-M,8/21/2017,77905,56291,1309579,0.722559528,1719746,4.74 ,369,9.02,5.08,395 ,(3.94),1 ,-7%,72.1,67.7,28,0,1,1,0,0,0 
2017,Aug,22,T,2-T,8/22/2017,75439,53608,1363187,0.710613873,1795185,5.83 ,440,9.02,6.52,492 ,(2.50),1 ,-12%,71.6,70.2,15,0,1,0,1,0,MU-16 overweight issue BANK 7
2017,Aug,23,W,3-W,8/23/2017,75523,53847,1417034,0.712988096,1870708,5.73 ,433,9.02,6.34,479 ,(2.68),1 ,-11%,71.7,70.4,39,0,0,0,0,0,0 
2017,Aug,24,Q,4-Q,8/24/2017,81717,58067,1475101,0.710586536,1952425,7.78 ,636,9.02,8.70,711 ,(0.32),1 ,-12%,41.0,50.1,40,0,5,2,3,0,D fis recheck north belt down 1720-1810
2017,Aug,25,F,5-F,8/25/2017,82348,60752,1535853,0.737747122,2034773,6.57 ,541,9.02,7.24,596 ,(1.78),1 ,-10%,58.9,64.5,33,1,9,0,9,0,Hurricane Harvey
2017,Aug,26,J,6-J,8/26/2017,63343,54299,1590152,0.857221792,2098116,12.80 ,811,9.02,14.35,909 ,5.33 ,0 ,-12%,73.5,72.3,26,1,22,0,22,0,Recheck belt/ MU16 1730-1930/Hurricane Harvey
2017,Aug,27,S,7-S,8/27/2017,66902,50923,1641075,0.761158112,2165018,12.09 ,809,9.02,14.84,993 ,5.82 ,0 ,-23%,37.9,44.3,28,12,61,0,61,0,Midday WX/Hurricane Harvey
2017,Aug,28,M,1-M,8/28/2017,77642,56988,1698063,0.733984184,2242660,7.46 ,579,9.02,8.52,662 ,(0.50),1 ,-14%,50.6,59.2,19,2,22,1,21,0,Hurricane Harvey
2017,Aug,29,T,2-T,8/29/2017,68538,49671,1747734,0.724722052,2311198,6.49 ,445,9.02,7.50,514 ,(1.52),1 ,-16%,69.6,70.7,42,0,20,1,19,0,Houston area flooding 
2017,Aug,30,W,3-W,8/30/2017,75567,55811,1803545,0.738563129,2386765,5.16 ,390,9.02,5.91,446 ,(3.11),1 ,-14%,71.6,69.4,22,1,19,0,19,0,Houston area flooding 
2017,Aug,31,Q,4-Q,8/31/2017,88014,64820,1868365,0.736473743,2474779,4.73 ,416,9.02,5.36,472 ,(3.66),1 ,-13%,63.5,64.8,27,1,19,1,18,0,Houston area flooding 
2017,Sep,1,F,5-F,9/1/2017,92987,67057,67057,0.721143816,92987,5.13 ,477,5.60,5.62,523,0.02 ,0 ,-10%,71.1,64.2,39,0,10,1,9,0,Harvey in the east region
2017,Sep,2,J,6-J,9/2/2017,69018,55332,122389,0.801703903,162005,7.17 ,495,5.60,7.75,535,2.15 ,0 ,-8%,79.0,71.9,26,0,4,0,4,0,143 late inductions from CBP-BANK 7
2017,Sep,3,S,7-S,9/3/2017,63907,48288,170677,0.755597978,225912,5.88 ,376,5.60,6.18,395,0.58 ,0 ,-5%,84.8,79.0,22,0,6,0,6,0,0 
2017,Sep,4,M,1-M,9/4/2017,81229,56495,227172,0.695502838,307141,4.75 ,386,5.60,5.41,439,(0.19),1 ,-14%,81.1,78.2,22,0,7,1,6,0,0 
2017,Sep,5,T,2-T,9/5/2017,71891,52614,279786,0.731857952,379032,5.76 ,414,5.60,6.06,436,0.46 ,0 ,-5%,73.0,71.2,17,0,2,0,2,0,0 
2017,Sep,6,W,3-W,9/6/2017,65231,49334,329120,0.756296853,444263,6.07 ,396,5.60,6.44,420,0.84 ,0 ,-6%,72.7,73.4,25,0,4,0,4,0,Irma in the carribean
2017,Sep,7,Q,4-Q,9/7/2017,76150,53045,382165,0.696585686,520413,4.92 ,375,5.60,5.53,421,(0.07),1 ,-12%,74.8,72.2,37,1,10,1,6,3,Irma in the carribean
2017,Sep,8,F,5-F,9/8/2017,77585,55177,437342,0.711181285,597998,5.63 ,437,5.60,6.21,482,0.61 ,0 ,-10%,72.9,68.2,46,0,20,0,20,0,Irma in the carribean
2017,Sep,9,J,6-J,9/9/2017,61217,51522,488864,0.841628959,659215,7.47 ,457,5.60,8.54,523,2.94 ,0 ,-14%,82.9,78.3,38,1,32,0,32,0,RECHECK BELT ISSUES/ MAXI 7 JAM
2017,Sep,10,S,7-S,9/10/2017,69212,54003,542867,0.780254869,728427,4.51 ,312,5.60,4.96,343,(0.64),1 ,-10%,86.8,78.7,31,0,48,0,40,8,Irma in Florida
2017,Sep,11,M,1-M,9/11/2017,73767,51801,594668,0.702224572,802194,4.18 ,308,5.60,5.05,372,(0.55),1 ,-21%,80.1,76.2,19,0,63,1,62,0,Irma in SE
2017,Sep,12,T,2-T,9/12/2017,71453,52018,646686,0.728003023,873647,2.80 ,200,5.60,4.84,346,(0.76),1 ,-73%,80.3,74.3,33,0,25,1,24,0,Autocode not running
2017,Sep,13,W,3-W,9/13/2017,78064,56436,703122,0.722945276,951711,3.64 ,284,5.60,4.56,356,(1.04),1 ,-25%,75.7,69.6,40,0,13,1,11,1,0 
2017,Sep,14,Q,4-Q,9/14/2017,83802,60321,763443,0.719803823,1035513,3.99 ,334,5.60,4.43,372,(1.17),1 ,-11%,77.7,72.4,30,0,11,1,10,0,0 
2017,Sep,15,F,5-F,9/15/2017,85777,62624,826067,0.730079159,1121290,4.63 ,397,5.60,5.02,431,(0.58),1 ,-9%,77.1,72.7,41,0,9,0,9,0,0 
2017,Sep,16,J,6-J,9/16/2017,70361,59375,885442,0.843862367,1191651,6.42 ,452,5.60,6.69,471,1.09 ,0 ,-4%,81.7,77.1,17,0,4,0,4,0,0 
2017,Sep,17,S,7-S,9/17/2017,78324,59184,944626,0.755630458,1269975,5.43 ,425,5.60,6.01,470,0.41 ,0 ,-11%,75.4,72.6,46,0,2,0,2,0,0 
2017,Sep,18,M,1-M,9/18/2017,81516,58472,1003098,0.717307032,1351491,5.72 ,466,5.60,5.96,486,0.36 ,0 ,-4%,76.0,73.8,24,0,0,0,0,0,D recheck belt issues
2017,Sep,19,T,2-T,9/19/2017,71893,50661,1053759,0.704672221,1423384,4.10 ,295,5.60,4.47,321,(1.13),1 ,-9%,75.4,79.4,31,2,4,0,3,1,0 
2017,Sep,20,W,3-W,9/20/2017,76787,54487,1108246,0.709586258,1500171,4.87 ,374,5.60,5.09,391,(0.51),1 ,-4%,79.8,77.1,26,0,1,0,1,0,QF-5hrs late
2017,Sep,21,Q,4-Q,9/21/2017,83751,58363,1166609,0.696863321,1583922,4.59 ,384,5.60,4.82,403,(0.78),1 ,-5%,80.2,77.0,28,0,2,0,2,0,D recheck belt issues@17:30
2017,Sep,22,F,5-F,9/22/2017,85776,60579,1227188,0.706246503,1669698,4.20 ,360,5.60,4.56,391,(1.04),1 ,-9%,82.4,76.1,35,0,1,0,1,0,0 
2017,Sep,23,J,6-J,9/23/2017,69637,57685,1284873,0.828367104,1739335,7.51 ,523,5.60,7.40,515,1.80 ,0 ,2%,80.7,77.6,35,0,2,1,1,0,C bgrm transfer belt down- PM
2017,Sep,24,S,7-S,9/24/2017,77338,57346,1342219,0.741498358,1816673,5.13 ,397,5.60,5.28,408,(0.32),1 ,-3%,81.8,76.6,43,0,1,0,1,0,0 
2017,Sep,25,M,1-M,9/25/2017,78499,54680,1396899,0.696569383,1895172,6.11 ,480,5.60,6.29,494 ,0.69 ,0 ,-3%,71.3,74.8,35,0,2,1,1,0,0 
2017,Sep,26,T,2-T,9/26/2017,72705,50782,1447681,0.698466405,1967877,4.03 ,293,5.60,4.44,323 ,(1.16),1 ,-10%,82.4,82.4,18,0,1,0,1,0,0 
2017,Sep,27,W,3-W,9/27/2017,76060,53344,1501025,0.701341047,2043937,4.04 ,307,5.60,4.50,342 ,(1.10),1 ,-11%,64.0,76.0,10,0,1,0,1,0,0 
2017,Sep,28,Q,4-Q,9/28/2017,83563,58276,1559301,0.697389993,2127500,4.09 ,342,5.60,4.39,367 ,(1.21),1 ,-7%,62.5,73.9,27,0,1,0,1,0,0 
2017,Sep,29,F,5-F,9/29/2017,85557,62284,1621585,0.727982515,2213057,5.26 ,450,5.60,5.76,493 ,0.16 ,0 ,-10%,62.6,74.0,26,0,1,0,1,0,0 
2017,Sep,30,J,6-J,9/30/2017,69252,59590,1681175,0.860480564,2282309,7.51 ,520,5.60,8.04,557 ,2.44 ,0 ,-7%,80.5,69.5,52,0,2,0,1,1,52 GTE CHNGS < 1HR ARRVL
2017,Oct,1,S,7-S,10/1/2017,77016,58976,58976,0.765762958,77016,4.56 ,351,6.55,5.19,396,(1.36),1 ,-13%,81.4,78.2,52,1,2,1,1,0,0 
2017,Oct,2,M,1-M,10/2/2017,78940,60146,119122,0.761920446,155956,5.49 ,433,6.55,5.94,463,(0.61),1 ,-7%,79.9,78.8,32,1,2,0,0,2,0 
2017,Oct,3,T,2-T,10/3/2017,71353,50927,170049,0.71373313,227309,6.69 ,477,6.55,7.80,547,1.25 ,0 ,-15%,49.5,61.0,9,5,2,0,2,0,late weather and ramp closure
2017,Oct,4,W,3-W,10/4/2017,79243,57157,227206,0.721287685,306552,4.30 ,341,6.55,4.78,374,(1.77),1 ,-10%,72.6,73.2,34,0,2,2,0,0,0 
2017,Oct,5,Q,4-Q,10/5/2017,87033,61569,288775,0.707421323,393585,3.94 ,343,6.55,4.13,361,(2.42),1 ,-5%,74.1,72.1,27,0,0,0,0,0,0 
2017,Oct,6,F,5-F,10/6/2017,88568,68463,357238,0.772999277,482153,3.92 ,347,6.55,4.26,374,(2.29),1 ,-8%,79.6,76.1,33,0,2,2,0,0,0 
2017,Oct,7,J,6-J,10/7/2017,69834,56324,413562,0.806541226,551987,6.09 ,425,6.55,6.20,435,(0.35),1 ,-2%,75.4,77.0,26,0,5,0,5,0,recheck belt issues-bank 7
2017,Oct,8,S,7-S,10/8/2017,77355,57533,471095,0.743752828,629342,5.12 ,396,6.55,5.42,420,(1.13),1 ,-6%,78.6,78.1,23,0,6,0,6,0,0 
2017,Oct,9,M,1-M,10/9/2017,87829,60757,531852,0.691764679,717171,4.52 ,397,6.55,4.96,433,(1.59),1 ,-9%,63.0,65.8,30,0,1,0,1,0,0 
2017,Oct,10,T,2-T,10/10/2017,79677,57834,589686,0.725855642,796848,5.50 ,438,6.55,6.03,480,(0.52),1 ,-10%,59.9,69.2,38,0,0,0,0,0,4am ramp closures
2017,Oct,11,W,3-W,10/11/2017,79654,57471,647157,0.721508022,876502,3.94 ,314,6.55,4.14,330,(2.41),1 ,-5%,73.7,76.3,21,0,0,0,0,0,0 
2017,Oct,12,Q,4-Q,10/12/2017,87451,61326,708483,0.701261278,963953,4.60 ,402,6.55,5.14,450,(1.41),1 ,-12%,76.8,76.2,21,0,1,0,1,0,0 
2017,Oct,13,F,5-F,10/13/2017,89160,62799,771282,0.704340511,1053113,3.76 ,335,6.55,3.96,357,(2.59),1 ,-7%,81.0,75.1,26,1,0,0,0,0,0 
2017,Oct,14,J,6-J,10/14/2017,73024,60411,831693,0.827275964,1126137,9.15 ,668,6.55,10.25,743,3.70 ,0 ,-11%,74.7,69.0,26,0,0,0,0,0,Ramp new shift bid
2017,Oct,15,S,7-S,10/15/2017,83159,59438,891131,0.71475126,1209296,5.89 ,490,6.55,6.61,547,0.06 ,0 ,-12%,59.6,68.3,7,0,2,2,0,0,0 
2017,Oct,16,M,1-M,10/16/2017,86479,62718,953849,0.725239654,1295775,4.46 ,386,6.55,5.02,437,(1.53),1 ,-13%,71.6,73.8,20,0,1,1,0,0,0 
2017,Oct,17,T,2-T,10/17/2017,78176,57469,1011318,0.735123312,1373951,3.31 ,259,6.55,3.72,291,(2.83),1 ,-12%,84.2,79.6,19,0,0,0,0,0,0 
2017,Oct,18,W,3-W,10/18/2017,80421,57969,1069287,0.720819189,1454372,3.56 ,286,6.55,3.81,305,(2.74),1 ,-7%,81.8,76.3,22,1,0,0,0,0,0 
2017,Oct,19,Q,4-Q,10/19/2017,88124,62138,1131425,0.705120058,1542496,4.21 ,371,6.55,4.58,400,(1.97),1 ,-8%,74.5,74.4,11,0,0,0,0,0,0 
2017,Oct,20,F,5-F,10/20/2017,90154,65951,1197376,0.731537148,1632650,4.36 ,393,6.55,4.80,444,(1.75),1 ,-13%,74.0,73.8,28,0,2,2,0,0,0 
2017,Oct,21,J,6-J,10/21/2017,72032,59494,1256870,0.825938472,1704682,5.90 ,425,6.55,5.90,465,(0.65),1 ,-9%,76.2,72.4,15,1,2,0,2,0,late weather at 12am
2017,Oct,22,S,7-S,10/22/2017,81285,61008,1317878,0.750544381,1785967,7.47 ,607,6.55,8.35,678,1.80 ,0 ,-12%,42.4,61.9,21,0,1,0,0,1,Early weather from previous day
2017,Oct,23,M,1-M,10/23/2017,86637,61675,1379553,0.711878297,1872604,4.95 ,429,6.55,5.36,465,(1.19),1 ,-8%,65.4,66.8,29,0,1,1,0,0,0 
2017,Oct,24,T,2-T,10/24/2017,75662,54323,1433876,0.71796939,1948266,5.45 ,412,6.55,5.97,452,(0.58),1 ,-10%,60.0,71.8,38,1,2,0,2,0,QIK system malfunction at ATO at 11am
2017,Oct,25,W,3-W,10/25/2017,78966,56319,1490195,0.713205683,2027232,4.20 ,332,6.55,4.38,346,(2.17),1 ,-4%,77.8,76.2,33,0,0,0,0,0,0 
2017,Oct,26,Q,4-Q,10/26/2017,85495,60226,1550421,0.704438856,2112727,4.40 ,376,6.55,4.58,392,(1.97),1 ,-4%,74.9,73.8,32,0,2,1,0,1,0 
2017,Oct,27,F,5-F,10/27/2017,86968,61621,1612042,0.708547972,2199695,7.46 ,649,6.55,8.03,698,1.48 ,0 ,-8%,52.1,62.1,36,2,0,0,0,0,power glitch at @ 10am-all terminals/Dbgrm issues @1730
2017,Oct,28,J,6-J,10/28/2017,66948,55355,1667397,0.826835753,2266643,8.41 ,563,6.55,9.14,612 ,2.59 ,0 ,-9%,70.5,69.0,28,0,0,0,0,0,0 
2017,Oct,29,S,7-S,10/29/2017,75146,57065,1724462,0.759388391,2341789,5.54 ,416,6.55,6.10,459 ,(0.45),1 ,-10%,77.8,77.7,20,0,3,0,3,0,0 
2017,Oct,30,M,1-M,10/30/2017,70880,51089,1775551,0.720781603,2412669,4.29 ,304,6.55,4.75,337 ,(1.80),1 ,-11%,71.7,74.9,n/a,1,0,0,0,0,0 
2017,Oct,31,T,2-T,10/31/2017,52280,38346,1813897,0.733473604,2464949,5.32 ,278,6.55,5.88,307 ,(0.67),1 ,-11%,72.3,77.4,32,1,0,0,0,0,CBR issue 07:55--8:07
2017,Nov,1,W,3-W,11/1/2017,77205,56642,56642,0.733657147,77205,5.17 ,399,6.99,5.25,405,(1.74),1 ,-2%,62.4,69.6,28,0,0,0,0,0,0 
2017,Nov,2,Q,4-Q,11/2/2017,80462,56008,112650,0.696080137,157667,3.87 ,311,6.99,4.15,334,(2.84),1 ,-7%,76.3,77.5,35,1,0,0,0,0,0 
2017,Nov,3,F,5-F,11/3/2017,83335,58400,171050,0.700785984,241002,4.14 ,345,6.99,4.14,345,(2.85),1 ,0%,59.9,66.5,20,1,0,0,0,0,0 
